x,y,value
0,0,0.0532698
0.0169492,0,0.0921557
0.0338983,0,0.12232
0.0508475,0,0.146425
0.0677966,0,0.165939
0.0847458,0,0.181787
0.101695,0,0.19462
0.118644,0,0.204939
0.135593,0,0.213163
0.152542,0,0.219656
0.169492,0,0.224746
0.186441,0,0.228725
0.20339,0,0.231844
0.220339,0,0.234318
0.237288,0,0.236318
0.254237,0,0.237986
0.271186,0,0.239434
0.288136,0,0.240757
0.305085,0,0.242039
0.322034,0,0.243357
0.338983,0,0.244787
0.355932,0,0.246403
0.372881,0,0.248284
0.389831,0,0.250511
0.40678,0,0.25316
0.423729,0,0.256306
0.440678,0,0.260009
0.457627,0,0.264305
0.474576,0,0.269197
0.491525,0,0.274646
0.508475,0,0.280565
0.525424,0,0.286825
0.542373,0,0.293265
0.559322,0,0.299706
0.576271,0,0.305966
0.59322,0,0.311875
0.610169,0,0.31728
0.627119,0,0.322047
0.644068,0,0.326064
0.661017,0,0.329237
0.677966,0,0.331485
0.694915,0,0.33274
0.711864,0,0.332939
0.728814,0,0.33202
0.745763,0,0.329924
0.762712,0,0.326585
0.779661,0,0.321933
0.79661,0,0.315888
0.813559,0,0.308355
0.830508,0,0.299226
0.847458,0,0.28837
0.864407,0,0.275627
0.881356,0,0.260801
0.898305,0,0.243646
0.915254,0,0.223841
0.932203,0,0.200957
0.949153,0,0.174396
0.966102,0,0.14326
0.983051,0,0.106094
1,0,0.0602312
0,0.0169492,0.0921963
0.0169492,0.0169492,0.164306
0.0338983,0.0169492,0.221971
0.0508475,0.0169492,0.268713
0.0677966,0.0169492,0.306817
0.0847458,0.0169492,0.337863
0.101695,0.0169492,0.363025
0.118644,0.0169492,0.383246
0.135593,0.0169492,0.399328
0.152542,0.0169492,0.411988
0.169492,0.0169492,0.421877
0.186441,0.0169492,0.429581
0.20339,0.0169492,0.435608
0.220339,0.0169492,0.440381
0.237288,0.0169492,0.444243
0.254237,0.0169492,0.447464
0.271186,0.0169492,0.450265
0.288136,0.0169492,0.452828
0.305085,0.0169492,0.455315
0.322034,0.0169492,0.457876
0.338983,0.0169492,0.460659
0.355932,0.0169492,0.463813
0.372881,0.0169492,0.467497
0.389831,0.0169492,0.47187
0.40678,0.0169492,0.477096
0.423729,0.0169492,0.483329
0.440678,0.0169492,0.490698
0.457627,0.0169492,0.499287
0.474576,0.0169492,0.50911
0.491525,0.0169492,0.520094
0.508475,0.0169492,0.532061
0.525424,0.0169492,0.544743
0.542373,0.0169492,0.557802
0.559322,0.0169492,0.570864
0.576271,0.0169492,0.583556
0.59322,0.0169492,0.595528
0.610169,0.0169492,0.60647
0.627119,0.0169492,0.616116
0.644068,0.0169492,0.624244
0.661017,0.0169492,0.63067
0.677966,0.0169492,0.635237
0.694915,0.0169492,0.63781
0.711864,0.0169492,0.638267
0.728814,0.0169492,0.636491
0.745763,0.0169492,0.632363
0.762712,0.0169492,0.625756
0.779661,0.0169492,0.616533
0.79661,0.0169492,0.604534
0.813559,0.0169492,0.589579
0.830508,0.0169492,0.571452
0.847458,0.0169492,0.549898
0.864407,0.0169492,0.524609
0.881356,0.0169492,0.495205
0.898305,0.0169492,0.461214
0.915254,0.0169492,0.422032
0.932203,0.0169492,0.376866
0.949153,0.0169492,0.324638
0.966102,0.0169492,0.263823
0.983051,0.0169492,0.192156
1,0.0169492,0.106104
0,0.0338983,0.122482
0.0169492,0.0338983,0.222174
0.0338983,0.0338983,0.303817
0.0508475,0.0338983,0.370912
0.0677966,0.0338983,0.426027
0.0847458,0.0338983,0.471094
0.101695,0.0338983,0.507645
0.118644,0.0338983,0.536964
0.135593,0.0338983,0.560188
0.152542,0.0338983,0.578363
0.169492,0.0338983,0.592467
0.186441,0.0338983,0.603387
0.20339,0.0338983,0.611897
0.220339,0.0338983,0.618628
0.237288,0.0338983,0.624079
0.254237,0.0338983,0.628636
0.271186,0.0338983,0.632607
0.288136,0.0338983,0.636249
0.305085,0.0338983,0.63979
0.322034,0.0338983,0.643446
0.338983,0.0338983,0.647431
0.355932,0.0338983,0.651968
0.372881,0.0338983,0.657292
0.389831,0.0338983,0.66365
0.40678,0.0338983,0.671298
0.423729,0.0338983,0.680488
0.440678,0.0338983,0.691439
0.457627,0.0338983,0.704306
0.474576,0.0338983,0.719137
0.491525,0.0338983,0.735831
0.508475,0.0338983,0.754116
0.525424,0.0338983,0.773557
0.542373,0.0338983,0.793607
0.559322,0.0338983,0.813665
0.576271,0.0338983,0.833139
0.59322,0.0338983,0.851484
0.610169,0.0338983,0.868228
0.627119,0.0338983,0.882976
0.644068,0.0338983,0.8954
0.661017,0.0338983,0.905235
0.677966,0.0338983,0.912255
0.694915,0.0338983,0.916269
0.711864,0.0338983,0.917102
0.728814,0.0338983,0.914586
0.745763,0.0338983,0.908552
0.762712,0.0338983,0.898817
0.779661,0.0338983,0.88518
0.79661,0.0338983,0.867411
0.813559,0.0338983,0.845247
0.830508,0.0338983,0.818378
0.847458,0.0338983,0.786435
0.864407,0.0338983,0.748977
0.881356,0.0338983,0.705468
0.898305,0.0338983,0.655246
0.915254,0.0338983,0.59748
0.932203,0.0338983,0.531108
0.949153,0.0338983,0.45474
0.966102,0.0338983,0.366512
0.983051,0.0338983,0.263875
1,0.0338983,0.143301
0,0.0508475,0.146831
0.0169492,0.0508475,0.269363
0.0338983,0.0508475,0.371482
0.0508475,0.0508475,0.456365
0.0677966,0.0508475,0.526556
0.0847458,0.0508475,0.584115
0.101695,0.0508475,0.630771
0.118644,0.0508475,0.66805
0.135593,0.0508475,0.697368
0.152542,0.0508475,0.720084
0.169492,0.0508475,0.737512
0.186441,0.0508475,0.750876
0.20339,0.0508475,0.761236
0.220339,0.0508475,0.769429
0.237288,0.0508475,0.776083
0.254237,0.0508475,0.781667
0.271186,0.0508475,0.78655
0.288136,0.0508475,0.791042
0.305085,0.0508475,0.795422
0.322034,0.0508475,0.799958
0.338983,0.0508475,0.804924
0.355932,0.0508475,0.810609
0.372881,0.0508475,0.817325
0.389831,0.0508475,0.825411
0.40678,0.0508475,0.835232
0.423729,0.0508475,0.847158
0.440678,0.0508475,0.861536
0.457627,0.0508475,0.878634
0.474576,0.0508475,0.898573
0.491525,0.0508475,0.92125
0.508475,0.0508475,0.946285
0.525424,0.0508475,0.973036
0.542373,0.0508475,1.00068
0.559322,0.0508475,1.02832
0.576271,0.0508475,1.05512
0.59322,0.0508475,1.08031
0.610169,0.0508475,1.10326
0.627119,0.0508475,1.12343
0.644068,0.0508475,1.14042
0.661017,0.0508475,1.15389
0.677966,0.0508475,1.16355
0.694915,0.0508475,1.16918
0.711864,0.0508475,1.17056
0.728814,0.0508475,1.16747
0.745763,0.0508475,1.15971
0.762712,0.0508475,1.14705
0.779661,0.0508475,1.12923
0.79661,0.0508475,1.10596
0.813559,0.0508475,1.07689
0.830508,0.0508475,1.04165
0.847458,0.0508475,0.99976
0.864407,0.0508475,0.95067
0.881356,0.0508475,0.893717
0.898305,0.0508475,0.828093
0.915254,0.0508475,0.752806
0.932203,0.0508475,0.666619
0.949153,0.0508475,0.567975
0.966102,0.0508475,0.454884
0.983051,0.0508475,0.324802
1,0.0508475,0.174498
0,0.0677966,0.16675
0.0169492,0.0677966,0.308239
0.0338983,0.0677966,0.427656
0.0508475,0.0677966,0.527783
0.0677966,0.0677966,0.610989
0.0847458,0.0677966,0.67931
0.101695,0.0677966,0.734546
0.118644,0.0677966,0.77837
0.135593,0.0677966,0.812422
0.152542,0.0677966,0.838365
0.169492,0.0677966,0.857894
0.186441,0.0677966,0.872642
0.20339,0.0677966,0.884015
0.220339,0.0677966,0.893042
0.237288,0.0677966,0.900428
0.254237,0.0677966,0.906671
0.271186,0.0677966,0.912157
0.288136,0.0677966,0.917221
0.305085,0.0677966,0.922171
0.322034,0.0677966,0.927314
0.338983,0.0677966,0.932972
0.355932,0.0677966,0.939491
0.372881,0.0677966,0.947259
0.389831,0.0677966,0.956711
0.40678,0.0677966,0.968334
0.423729,0.0677966,0.98265
0.440678,0.0677966,1.00018
0.457627,0.0677966,1.02139
0.474576,0.0677966,1.04654
0.491525,0.0677966,1.07558
0.508475,0.0677966,1.10801
0.525424,0.0677966,1.14289
0.542373,0.0677966,1.17902
0.559322,0.0677966,1.2151
0.576271,0.0677966,1.24999
0.59322,0.0677966,1.28266
0.610169,0.0677966,1.31232
0.627119,0.0677966,1.33835
0.644068,0.0677966,1.36023
0.661017,0.0677966,1.37761
0.677966,0.0677966,1.39016
0.694915,0.0677966,1.39762
0.711864,0.0677966,1.39975
0.728814,0.0677966,1.39631
0.745763,0.0677966,1.38705
0.762712,0.0677966,1.37172
0.779661,0.0677966,1.35
0.79661,0.0677966,1.32156
0.813559,0.0677966,1.286
0.830508,0.0677966,1.24284
0.847458,0.0677966,1.19156
0.864407,0.0677966,1.1315
0.881356,0.0677966,1.06191
0.898305,0.0677966,0.981877
0.915254,0.0677966,0.890304
0.932203,0.0677966,0.785862
0.949153,0.0677966,0.666927
0.966102,0.0677966,0.531519
0.983051,0.0677966,0.377225
1,0.0677966,0.201163
0,0.0847458,0.183203
0.0169492,0.0847458,0.340458
0.0338983,0.0847458,0.474394
0.0508475,0.0847458,0.587394
0.0677966,0.0847458,0.681581
0.0847458,0.0847458,0.758863
0.101695,0.0847458,0.821005
0.118644,0.0847458,0.869736
0.135593,0.0847458,0.906856
0.152542,0.0847458,0.934335
0.169492,0.0847458,0.954329
0.186441,0.0847458,0.969055
0.20339,0.0847458,0.980412
0.220339,0.0847458,0.989569
0.237288,0.0847458,0.997189
0.254237,0.0847458,1.0037
0.271186,0.0847458,1.00946
0.288136,0.0847458,1.01479
0.305085,0.0847458,1.02
0.322034,0.0847458,1.02543
0.338983,0.0847458,1.03143
0.355932,0.0847458,1.0384
0.372881,0.0847458,1.04678
0.389831,0.0847458,1.05711
0.40678,0.0847458,1.07001
0.423729,0.0847458,1.0862
0.440678,0.0847458,1.10643
0.457627,0.0847458,1.13148
0.474576,0.0847458,1.1619
0.491525,0.0847458,1.1978
0.508475,0.0847458,1.23856
0.525424,0.0847458,1.28279
0.542373,0.0847458,1.32866
0.559322,0.0847458,1.37436
0.576271,0.0847458,1.41833
0.59322,0.0847458,1.45929
0.610169,0.0847458,1.49631
0.627119,0.0847458,1.52866
0.644068,0.0847458,1.55584
0.661017,0.0847458,1.57743
0.677966,0.0847458,1.59313
0.694915,0.0847458,1.60266
0.711864,0.0847458,1.60578
0.728814,0.0847458,1.60223
0.745763,0.0847458,1.59175
0.762712,0.0847458,1.57404
0.779661,0.0847458,1.54878
0.79661,0.0847458,1.51556
0.813559,0.0847458,1.47396
0.830508,0.0847458,1.42344
0.847458,0.0847458,1.3634
0.864407,0.0847458,1.29313
0.881356,0.0847458,1.21182
0.898305,0.0847458,1.11847
0.915254,0.0847458,1.01194
0.932203,0.0847458,0.890868
0.949153,0.0847458,0.753627
0.966102,0.0847458,0.598312
0.983051,0.0847458,0.422689
1,0.0847458,0.2242
0,0.101695,0.196876
0.0169492,0.101695,0.367271
0.0338983,0.101695,0.51334
0.0508475,0.101695,0.637089
0.0677966,0.101695,0.740352
0.0847458,0.101695,0.824828
0.101695,0.101695,0.892147
0.118644,0.101695,0.943984
0.135593,0.101695,0.982206
0.152542,0.101695,1.00906
0.169492,0.101695,1.02731
0.186441,0.101695,1.04011
0.20339,0.101695,1.05028
0.220339,0.101695,1.05891
0.237288,0.101695,1.06633
0.254237,0.101695,1.07276
0.271186,0.101695,1.07847
0.288136,0.101695,1.08373
0.305085,0.101695,1.08888
0.322034,0.101695,1.09424
0.338983,0.101695,1.1002
0.355932,0.101695,1.10716
0.372881,0.101695,1.11563
0.389831,0.101695,1.12622
0.40678,0.101695,1.13969
0.423729,0.101695,1.15696
0.440678,0.101695,1.17915
0.457627,0.101695,1.20747
0.474576,0.101695,1.24305
0.491525,0.101695,1.28642
0.508475,0.101695,1.33692
0.525424,0.101695,1.3923
0.542373,0.101695,1.44974
0.559322,0.101695,1.50664
0.576271,0.101695,1.56094
0.59322,0.101695,1.61115
0.610169,0.101695,1.65622
0.627119,0.101695,1.69544
0.644068,0.101695,1.72829
0.661017,0.101695,1.75442
0.677966,0.101695,1.77353
0.694915,0.101695,1.78539
0.711864,0.101695,1.78974
0.728814,0.101695,1.78635
0.745763,0.101695,1.77494
0.762712,0.101695,1.7552
0.779661,0.101695,1.72677
0.79661,0.101695,1.68923
0.813559,0.101695,1.6421
0.830508,0.101695,1.58482
0.847458,0.101695,1.51674
0.864407,0.101695,1.4371
0.881356,0.101695,1.34503
0.898305,0.101695,1.23952
0.915254,0.101695,1.1194
0.932203,0.101695,0.983312
0.949153,0.101695,0.829674
0.966102,0.101695,0.656684
0.983051,0.101695,0.462293
1,0.101695,0.244222
0,0.118644,0.208302
0.0169492,0.118644,0.389681
0.0338983,0.118644,0.545881
0.0508475,0.118644,0.678542
0.0677966,0.118644,0.789182
0.0847458,0.118644,0.879222
0.101695,0.118644,0.950046
0.118644,0.118644,1.00312
0.135593,0.118644,1.0402
0.152542,0.118644,1.06367
0.169492,0.118644,1.077
0.186441,0.118644,1.08507
0.20339,0.118644,1.09297
0.220339,0.118644,1.10072
0.237288,0.118644,1.10772
0.254237,0.118644,1.11383
0.271186,0.118644,1.11919
0.288136,0.118644,1.12408
0.305085,0.118644,1.12882
0.322034,0.118644,1.13374
0.338983,0.118644,1.13923
0.355932,0.118644,1.14568
0.372881,0.118644,1.15363
0.389831,0.118644,1.16373
0.40678,0.118644,1.17682
0.423729,0.118644,1.19407
0.440678,0.118644,1.21699
0.457627,0.118644,1.24748
0.474576,0.118644,1.28767
0.491525,0.118644,1.33919
0.508475,0.118644,1.40167
0.525424,0.118644,1.47104
0.542373,0.118644,1.54265
0.559322,0.118644,1.61278
0.576271,0.118644,1.67891
0.59322,0.118644,1.73941
0.610169,0.118644,1.79327
0.627119,0.118644,1.83985
0.644068,0.118644,1.87875
0.661017,0.118644,1.9097
0.677966,0.118644,1.93247
0.694915,0.118644,1.94689
0.711864,0.118644,1.95273
0.728814,0.118644,1.94977
0.745763,0.118644,1.93774
0.762712,0.118644,1.91632
0.779661,0.118644,1.88514
0.79661,0.118644,1.84376
0.813559,0.118644,1.79167
0.830508,0.118644,1.72828
0.847458,0.118644,1.6529
0.864407,0.118644,1.56476
0.881356,0.118644,1.46295
0.898305,0.118644,1.34646
0.915254,0.118644,1.21411
0.932203,0.118644,1.06458
0.949153,0.118644,0.896345
0.966102,0.118644,0.707729
0.983051,0.118644,0.496851
1,0.118644,0.261666
0,0.135593,0.217923
0.0169492,0.135593,0.408542
0.0338983,0.135593,0.573234
0.0508475,0.135593,0.713287
0.0677966,0.135593,0.829885
0.0847458,0.135593,0.924106
0.101695,0.135593,0.996968
0.118644,0.135593,1.04952
0.135593,0.135593,1.08307
0.152542,0.135593,1.09968
0.169492,0.135593,1.10323
0.186441,0.135593,1.10146
0.20339,0.135593,1.1071
0.220339,0.135593,1.11454
0.237288,0.135593,1.12129
0.254237,0.135593,1.12692
0.271186,0.135593,1.13165
0.288136,0.135593,1.13584
0.305085,0.135593,1.13984
0.322034,0.135593,1.14396
0.338983,0.135593,1.14855
0.355932,0.135593,1.15399
0.372881,0.135593,1.16076
0.389831,0.135593,1.1695
0.40678,0.135593,1.18108
0.423729,0.135593,1.1968
0.440678,0.135593,1.21854
0.457627,0.135593,1.24907
0.474576,0.135593,1.29223
0.491525,0.135593,1.35228
0.508475,0.135593,1.43079
0.525424,0.135593,1.51881
0.542373,0.135593,1.60829
0.559322,0.135593,1.69421
0.576271,0.135593,1.77379
0.59322,0.135593,1.84559
0.610169,0.135593,1.90886
0.627119,0.135593,1.9632
0.644068,0.135593,2.00843
0.661017,0.135593,2.04442
0.677966,0.135593,2.07105
0.694915,0.135593,2.08823
0.711864,0.135593,2.09578
0.728814,0.135593,2.09352
0.745763,0.135593,2.08119
0.762712,0.135593,2.05848
0.779661,0.135593,2.02499
0.79661,0.135593,1.98028
0.813559,0.135593,1.92382
0.830508,0.135593,1.855
0.847458,0.135593,1.77311
0.864407,0.135593,1.67735
0.881356,0.135593,1.56683
0.898305,0.135593,1.44052
0.915254,0.135593,1.29728
0.932203,0.135593,1.13581
0.949153,0.135593,0.954675
0.966102,0.135593,0.752309
0.983051,0.135593,0.526987
1,0.135593,0.276863
0,0.152542,0.22612
0.0169492,0.152542,0.424604
0.0338983,0.152542,0.596498
0.0508475,0.152542,0.742761
0.0677966,0.152542,0.864237
0.0847458,0.152542,0.961624
0.101695,0.152542,1.03547
0.118644,0.152542,1.08619
0.135593,0.152542,1.11416
0.152542,0.152542,1.12002
0.169492,0.152542,1.10604
0.186441,0.152542,1.08173
0.20339,0.152542,1.09069
0.220339,0.152542,1.10033
0.237288,0.152542,1.10725
0.254237,0.152542,1.11217
0.271186,0.152542,1.11593
0.288136,0.152542,1.11908
0.305085,0.152542,1.122
0.322034,0.152542,1.12498
0.338983,0.152542,1.1283
0.355932,0.152542,1.13225
0.372881,0.152542,1.1372
0.389831,0.152542,1.14369
0.40678,0.152542,1.15248
0.423729,0.152542,1.16477
0.440678,0.152542,1.18256
0.457627,0.152542,1.20932
0.474576,0.152542,1.25115
0.491525,0.152542,1.31819
0.508475,0.152542,1.42168
0.525424,0.152542,1.5364
0.542373,0.152542,1.64877
0.559322,0.152542,1.75324
0.576271,0.152542,1.84773
0.59322,0.152542,1.93158
0.610169,0.152542,2.00464
0.627119,0.152542,2.06695
0.644068,0.152542,2.11863
0.661017,0.152542,2.15976
0.677966,0.152542,2.19037
0.694915,0.152542,2.21046
0.711864,0.152542,2.21993
0.728814,0.152542,2.21862
0.745763,0.152542,2.20631
0.762712,0.152542,2.18267
0.779661,0.152542,2.14733
0.79661,0.152542,2.09982
0.813559,0.152542,2.03961
0.830508,0.152542,1.96605
0.847458,0.152542,1.87845
0.864407,0.152542,1.77599
0.881356,0.152542,1.65778
0.898305,0.152542,1.5228
0.915254,0.152542,1.36994
0.932203,0.152542,1.19796
0.949153,0.152542,1.00551
0.966102,0.152542,0.791119
0.983051,0.152542,0.553197
1,0.152542,0.290072
0,0.169492,0.233226
0.0169492,0.169492,0.438528
0.0338983,0.169492,0.616664
0.0508475,0.169492,0.768296
0.0677966,0.169492,0.893949
0.0847458,0.169492,0.993953
0.101695,0.169492,1.06837
0.118644,0.169492,1.1169
0.135593,0.169492,1.13863
0.152542,0.169492,1.13149
0.169492,0.169492,1.09045
0.186441,0.169492,1
0.20339,0.169492,1.04488
0.220339,0.169492,1.06011
0.237288,0.169492,1.06649
0.254237,0.169492,1.06987
0.271186,0.169492,1.07209
0.288136,0.169492,1.07382
0.305085,0.169492,1.07537
0.322034,0.169492,1.07694
0.338983,0.169492,1.07868
0.355932,0.169492,1.08076
0.372881,0.169492,1.08339
0.389831,0.169492,1.08686
0.40678,0.169492,1.09164
0.423729,0.169492,1.09851
0.440678,0.169492,1.10889
0.457627,0.169492,1.12577
0.474576,0.169492,1.15614
0.491525,0.169492,1.21892
0.508475,0.169492,1.37262
0.525424,0.169492,1.52759
0.542373,0.169492,1.66842
0.559322,0.169492,1.79351
0.576271,0.169492,1.90359
0.59322,0.169492,1.99963
0.610169,0.169492,2.08243
0.627119,0.169492,2.15261
0.644068,0.169492,2.21065
0.661017,0.169492,2.25688
0.677966,0.169492,2.29149
0.694915,0.169492,2.31458
0.711864,0.169492,2.32612
0.728814,0.169492,2.32601
0.745763,0.169492,2.31401
0.762712,0.169492,2.28985
0.779661,0.169492,2.25311
0.79661,0.169492,2.20335
0.813559,0.169492,2.14
0.830508,0.169492,2.06243
0.847458,0.169492,1.96991
0.864407,0.169492,1.86165
0.881356,0.169492,1.73676
0.898305,0.169492,1.59423
0.915254,0.169492,1.433
0.932203,0.169492,1.25187
0.949153,0.169492,1.04957
0.966102,0.169492,0.824729
0.983051,0.169492,0.575882
1,0.169492,0.3015
0,0.186441,0.239528
0.0169492,0.186441,0.450892
0.0338983,0.186441,0.634606
0.0508475,0.186441,0.791083
0.0677966,0.186441,0.920585
0.0847458,0.186441,1.02314
0.101695,0.186441,1.09844
0.118644,0.186441,1.14567
0.135593,0.186441,1.16323
0.152542,0.186441,1.14814
0.169492,0.186441,1.09553
0.186441,0.186441,1
0.20339,0.186441,1
0.220339,0.186441,1
0.237288,0.186441,1
0.254237,0.186441,1
0.271186,0.186441,1
0.288136,0.186441,1
0.305085,0.186441,1
0.322034,0.186441,1
0.338983,0.186441,1
0.355932,0.186441,1
0.372881,0.186441,1
0.389831,0.186441,1
0.40678,0.186441,1
0.423729,0.186441,1
0.440678,0.186441,1
0.457627,0.186441,1
0.474576,0.186441,1
0.491525,0.186441,1
0.508475,0.186441,1.29355
0.525424,0.186441,1.50421
0.542373,0.186441,1.6751
0.559322,0.186441,1.82006
0.576271,0.186441,1.94478
0.59322,0.186441,2.05219
0.610169,0.186441,2.1441
0.627119,0.186441,2.22169
0.644068,0.186441,2.28576
0.661017,0.186441,2.33689
0.677966,0.186441,2.37541
0.694915,0.186441,2.40152
0.711864,0.186441,2.41525
0.728814,0.186441,2.41654
0.745763,0.186441,2.40517
0.762712,0.186441,2.38085
0.779661,0.186441,2.3432
0.79661,0.186441,2.29173
0.813559,0.186441,2.22589
0.830508,0.186441,2.14501
0.847458,0.186441,2.0484
0.864407,0.186441,1.93523
0.881356,0.186441,1.80464
0.898305,0.186441,1.65565
0.915254,0.186441,1.48722
0.932203,0.186441,1.29822
0.949153,0.186441,1.08745
0.966102,0.186441,0.853615
0.983051,0.186441,0.595374
1,0.186441,0.311318
0,0.20339,0.245268
0.0169492,0.20339,0.462179
0.0338983,0.20339,0.651055
0.0508475,0.20339,0.81212
0.0677966,0.20339,0.94544
0.0847458,0.20339,1.05085
0.101695,0.20339,1.12784
0.118644,0.20339,1.17541
0.135593,0.20339,1.19173
0.152542,0.20339,1.17361
0.169492,0.20339,1.11479
0.186441,0.20339,1
0.20339,0.20339,1
0.220339,0.20339,1.02526
0.237288,0.20339,1.04368
0.254237,0.20339,1.06025
0.271186,0.20339,1.07514
0.288136,0.20339,1.088
0.305085,0.20339,1.09863
0.322034,0.20339,1.10693
0.338983,0.20339,1.11287
0.355932,0.20339,1.11639
0.372881,0.20339,1.11735
0.389831,0.20339,1.11554
0.40678,0.20339,1.11062
0.423729,0.20339,1.10204
0.440678,0.20339,1.08893
0.457627,0.20339,1.06984
0.474576,0.20339,1.04209
0.491525,0.20339,1
0.508475,0.20339,1.26863
0.525424,0.20339,1.49187
0.542373,0.20339,1.67898
0.559322,0.20339,1.83812
0.576271,0.20339,1.97453
0.59322,0.20339,2.09154
0.610169,0.20339,2.19138
0.627119,0.20339,2.27554
0.644068,0.20339,2.3451
0.661017,0.20339,2.40077
0.677966,0.20339,2.44301
0.694915,0.20339,2.4721
0.711864,0.20339,2.48811
0.728814,0.20339,2.49099
0.745763,0.20339,2.48054
0.762712,0.20339,2.45647
0.779661,0.20339,2.41838
0.79661,0.20339,2.36577
0.813559,0.20339,2.29807
0.830508,0.20339,2.21462
0.847458,0.20339,2.1147
0.864407,0.20339,1.99751
0.881356,0.20339,1.86218
0.898305,0.20339,1.70777
0.915254,0.20339,1.53328
0.932203,0.20339,1.33762
0.949153,0.20339,1.11965
0.966102,0.20339,0.878184
0.983051,0.20339,0.611955
1,0.20339,0.31967
0,0.220339,0.250638
0.0169492,0.220339,0.472774
0.0338983,0.220339,0.666589
0.0508475,0.220339,0.832174
0.0677966,0.220339,0.96948
0.0847458,0.220339,1.07825
0.101695,0.220339,1.15794
0.118644,0.220339,1.20765
0.135593,0.220339,1.22597
0.152542,0.220339,1.21104
0.169492,0.220339,1.16128
0.186441,0.220339,1.08
0.20339,0.220339,1
0.220339,0.220339,1.02862
0.237288,0.220339,1.06048
0.254237,0.220339,1.09343
0.271186,0.220339,1.12359
0.288136,0.220339,1.14952
0.305085,0.220339,1.17084
0.322034,0.220339,1.1875
0.338983,0.220339,1.19945
0.355932,0.220339,1.2066
0.372881,0.220339,1.20873
0.389831,0.220339,1.20547
0.40678,0.220339,1.19617
0.423729,0.220339,1.17988
0.440678,0.220339,1.15511
0.457627,0.220339,1.1196
0.474576,0.220339,1.0698
0.491525,0.220339,1
0.508475,0.220339,1.26037
0.525424,0.220339,1.48693
0.542373,0.220339,1.68211
0.559322,0.220339,1.85018
0.576271,0.220339,1.99494
0.59322,0.220339,2.11934
0.610169,0.220339,2.22559
0.627119,0.220339,2.31529
0.644068,0.220339,2.3896
0.661017,0.220339,2.44934
0.677966,0.220339,2.49505
0.694915,0.220339,2.52702
0.711864,0.220339,2.54537
0.728814,0.220339,2.55003
0.745763,0.220339,2.54081
0.762712,0.220339,2.51739
0.779661,0.220339,2.47935
0.79661,0.220339,2.42617
0.813559,0.220339,2.35727
0.830508,0.220339,2.27197
0.847458,0.220339,2.16955
0.864407,0.220339,2.0492
0.881356,0.220339,1.91008
0.898305,0.220339,1.75126
0.915254,0.220339,1.57177
0.932203,0.220339,1.37059
0.949153,0.220339,1.14664
0.966102,0.220339,0.898784
0.983051,0.220339,0.625865
1,0.220339,0.326678
0,0.237288,0.255783
0.0169492,0.237288,0.482962
0.0338983,0.237288,0.681625
0.0508475,0.237288,0.851782
0.0677966,0.237288,0.993328
0.0847458,0.237288,1.106
0.101695,0.237288,1.18931
0.118644,0.237288,1.24255
0.135593,0.237288,1.26472
0.152542,0.237288,1.25456
0.169492,0.237288,1.21057
0.186441,0.237288,1.13001
0.20339,0.237288,1
0.220339,0.237288,1
0.237288,0.237288,1.04747
0.254237,0.237288,1.10069
0.271186,0.237288,1.14754
0.288136,0.237288,1.18691
0.305085,0.237288,1.219
0.322034,0.237288,1.24404
0.338983,0.237288,1.2621
0.355932,0.237288,1.2731
0.372881,0.237288,1.2768
0.389831,0.237288,1.2727
0.40678,0.237288,1.26
0.423729,0.237288,1.23747
0.440678,0.237288,1.2033
0.457627,0.237288,1.15494
0.474576,0.237288,1.08879
0.491525,0.237288,1
0.508475,0.237288,1.25721
0.525424,0.237288,1.48463
0.542373,0.237288,1.68364
0.559322,0.237288,1.85682
0.576271,0.237288,2.00698
0.59322,0.237288,2.13658
0.610169,0.237288,2.24762
0.627119,0.237288,2.34168
0.644068,0.237288,2.41994
0.661017,0.237288,2.48323
0.677966,0.237288,2.5321
0.694915,0.237288,2.56685
0.711864,0.237288,2.58759
0.728814,0.237288,2.59423
0.745763,0.237288,2.58655
0.762712,0.237288,2.5642
0.779661,0.237288,2.52673
0.79661,0.237288,2.47358
0.813559,0.237288,2.40414
0.830508,0.237288,2.31772
0.847458,0.237288,2.21359
0.864407,0.237288,2.09095
0.881356,0.237288,1.94894
0.898305,0.237288,1.78668
0.915254,0.237288,1.60323
0.932203,0.237288,1.39761
0.949153,0.237288,1.16879
0.966102,0.237288,0.915724
0.983051,0.237288,0.637315
1,0.237288,0.332451
0,0.254237,0.260803
0.0169492,0.254237,0.492939
0.0338983,0.254237,0.696438
0.0508475,0.254237,0.871273
0.0677966,0.254237,1.01733
0.0847458,0.254237,1.13437
0.101695,0.254237,1.22203
0.118644,0.254237,1.2798
0.135593,0.254237,1.30707
0.152542,0.254237,1.30319
0.169492,0.254237,1.26771
0.186441,0.254237,1.20074
0.20339,0.254237,1.10493
0.220339,0.254237,1
0.237288,0.254237,1
0.254237,0.254237,1.08558
0.271186,0.254237,1.15025
0.288136,0.254237,1.20286
0.305085,0.254237,1.24549
0.322034,0.254237,1.27883
0.338983,0.254237,1.30308
0.355932,0.254237,1.31819
0.372881,0.254237,1.32392
0.389831,0.254237,1.31979
0.40678,0.254237,1.30493
0.423729,0.254237,1.27797
0.440678,0.254237,1.23697
0.457627,0.254237,1.17932
0.474576,0.254237,1.1017
0.491525,0.254237,1
0.508475,0.254237,1.25509
0.525424,0.254237,1.48203
0.542373,0.254237,1.68224
0.559322,0.254237,1.85777
0.576271,0.254237,2.01086
0.59322,0.254237,2.14364
0.610169,0.254237,2.25791
0.627119,0.254237,2.35516
0.644068,0.254237,2.43652
0.661017,0.254237,2.5028
0.677966,0.254237,2.55453
0.694915,0.254237,2.59197
0.711864,0.254237,2.61518
0.728814,0.254237,2.62403
0.745763,0.254237,2.61824
0.762712,0.254237,2.59742
0.779661,0.254237,2.56104
0.79661,0.254237,2.50854
0.813559,0.254237,2.43925
0.830508,0.254237,2.35247
0.847458,0.254237,2.24742
0.864407,0.254237,2.12332
0.881356,0.254237,1.97933
0.898305,0.254237,1.81457
0.915254,0.254237,1.62814
0.932203,0.254237,1.4191
0.949153,0.254237,1.18647
0.966102,0.254237,0.929278
0.983051,0.254237,0.646493
1,0.254237,0.337083
0,0.271186,0.265763
0.0169492,0.271186,0.502825
0.0338983,0.271186,0.71119
0.0508475,0.271186,0.890819
0.0677966,0.271186,1.04161
0.0847458,0.271186,1.16339
0.101695,0.271186,1.2559
0.118644,0.271186,1.31882
0.135593,0.271186,1.35183
0.152542,0.271186,1.35471
0.169492,0.271186,1.3276
0.186441,0.271186,1.27158
0.20339,0.271186,1.19024
0.220339,0.271186,1.09355
0.237288,0.271186,1
0.254237,0.271186,1.06265
0.271186,0.271186,1.1363
0.288136,0.271186,1.20004
0.305085,0.271186,1.25254
0.322034,0.271186,1.294
0.338983,0.271186,1.32447
0.355932,0.271186,1.34391
0.372881,0.271186,1.35218
0.389831,0.271186,1.3489
0.40678,0.271186,1.33323
0.423729,0.271186,1.30378
0.440678,0.271186,1.25854
0.457627,0.271186,1.19496
0.474576,0.271186,1.10994
0.491525,0.271186,1
0.508475,0.271186,1.2524
0.525424,0.271186,1.47744
0.542373,0.271186,1.6768
0.559322,0.271186,1.85242
0.576271,0.271186,2.00634
0.59322,0.271186,2.14046
0.610169,0.271186,2.25649
0.627119,0.271186,2.3558
0.644068,0.271186,2.43945
0.661017,0.271186,2.50821
0.677966,0.271186,2.56252
0.694915,0.271186,2.60259
0.711864,0.271186,2.62839
0.728814,0.271186,2.63973
0.745763,0.271186,2.63624
0.762712,0.271186,2.61745
0.779661,0.271186,2.58277
0.79661,0.271186,2.53157
0.813559,0.271186,2.46314
0.830508,0.271186,2.37673
0.847458,0.271186,2.27158
0.864407,0.271186,2.14687
0.881356,0.271186,2.00176
0.898305,0.271186,1.83541
0.915254,0.271186,1.64693
0.932203,0.271186,1.43543
0.949153,0.271186,1.2
0.966102,0.271186,0.939693
0.983051,0.271186,0.653568
1,0.271186,0.34066
0,0.288136,0.270696
0.0169492,0.288136,0.51268
0.0338983,0.288136,0.72595
0.0508475,0.288136,0.910474
0.0677966,0.288136,1.06618
0.0847458,0.288136,1.19295
0.101695,0.288136,1.29063
0.118644,0.288136,1.35903
0.135593,0.288136,1.398
0.152542,0.288136,1.40749
0.169492,0.288136,1.38766
0.186441,0.288136,1.33903
0.20339,0.288136,1.26218
0.220339,0.288136,1.15523
0.237288,0.288136,1
0.254237,0.288136,1
0.271186,0.288136,1.10351
0.288136,0.288136,1.17976
0.305085,0.288136,1.2419
0.322034,0.288136,1.29142
0.338983,0.288136,1.32816
0.355932,0.288136,1.35208
0.372881,0.288136,1.36327
0.389831,0.288136,1.36165
0.40678,0.288136,1.34659
0.423729,0.288136,1.31666
0.440678,0.288136,1.26975
0.457627,0.288136,1.20329
0.474576,0.288136,1.1144
0.491525,0.288136,1
0.508475,0.288136,1.24834
0.525424,0.288136,1.46981
0.542373,0.288136,1.66637
0.559322,0.288136,1.84006
0.576271,0.288136,1.99287
0.59322,0.288136,2.12667
0.610169,0.288136,2.24306
0.627119,0.288136,2.34336
0.644068,0.288136,2.42856
0.661017,0.288136,2.49933
0.677966,0.288136,2.55602
0.694915,0.288136,2.59874
0.711864,0.288136,2.62735
0.728814,0.288136,2.64154
0.745763,0.288136,2.64082
0.762712,0.288136,2.62463
0.779661,0.288136,2.59229
0.79661,0.288136,2.54309
0.813559,0.288136,2.47627
0.830508,0.288136,2.39103
0.847458,0.288136,2.28657
0.864407,0.288136,2.16207
0.881356,0.288136,2.01671
0.898305,0.288136,1.84964
0.915254,0.288136,1.66002
0.932203,0.288136,1.44698
0.949153,0.288136,1.20967
0.966102,0.288136,0.947202
0.983051,0.288136,0.658697
1,0.288136,0.343262
0,0.305085,0.275615
0.0169492,0.305085,0.522522
0.0338983,0.305085,0.740727
0.0508475,0.305085,0.930219
0.0677966,0.305085,1.09096
0.0847458,0.305085,1.22289
0.101695,0.305085,1.32591
0.118644,0.305085,1.39995
0.135593,0.305085,1.44493
0.152542,0.305085,1.46085
0.169492,0.305085,1.44781
0.186441,0.305085,1.40597
0.20339,0.305085,1.33548
0.220339,0.305085,1.23647
0.237288,0.305085,1.11243
0.254237,0.305085,1
0.271186,0.305085,1.06927
0.288136,0.305085,1.14484
0.305085,0.305085,1.21515
0.322034,0.305085,1.2729
0.338983,0.305085,1.31595
0.355932,0.305085,1.34425
0.372881,0.305085,1.35845
0.389831,0.305085,1.35913
0.40678,0.305085,1.34609
0.423729,0.305085,1.31778
0.440678,0.305085,1.27177
0.457627,0.305085,1.20531
0.474576,0.305085,1.11564
0.491525,0.305085,1
0.508475,0.305085,1.24241
0.525424,0.305085,1.45835
0.542373,0.305085,1.65009
0.559322,0.305085,1.81984
0.576271,0.305085,1.9697
0.59322,0.305085,2.10155
0.610169,0.305085,2.21699
0.627119,0.305085,2.3173
0.644068,0.305085,2.40338
0.661017,0.305085,2.47579
0.677966,0.305085,2.53477
0.694915,0.305085,2.58028
0.711864,0.305085,2.61201
0.728814,0.305085,2.62951
0.745763,0.305085,2.63215
0.762712,0.305085,2.61922
0.779661,0.305085,2.58995
0.79661,0.305085,2.54351
0.813559,0.305085,2.47908
0.830508,0.305085,2.39581
0.847458,0.305085,2.29287
0.864407,0.305085,2.16942
0.881356,0.305085,2.02464
0.898305,0.305085,1.8577
0.915254,0.305085,1.66778
0.932203,0.305085,1.45408
0.949153,0.305085,1.21576
0.966102,0.305085,0.952021
0.983051,0.305085,0.66203
1,0.305085,0.344965
0,0.322034,0.280516
0.0169492,0.322034,0.532337
0.0338983,0.322034,0.75549
0.0508475,0.322034,0.949988
0.0677966,0.322034,1.11583
0.0847458,0.322034,1.25299
0.101695,0.322034,1.36146
0.118644,0.322034,1.44119
0.135593,0.322034,1.49219
0.152542,0.322034,1.51445
0.169492,0.322034,1.50801
0.186441,0.322034,1.47283
0.20339,0.322034,1.40859
0.220339,0.322034,1.314
0.237288,0.322034,1.18453
0.254237,0.322034,1
0.271186,0.322034,1
0.288136,0.322034,1.08645
0.305085,0.322034,1.17225
0.322034,0.322034,1.24034
0.338983,0.322034,1.28974
0.355932,0.322034,1.32181
0.372881,0.322034,1.33843
0.389831,0.322034,1.34158
0.40678,0.322034,1.33215
0.423729,0.322034,1.30789
0.440678,0.322034,1.2655
0.457627,0.322034,1.20183
0.474576,0.322034,1.11414
0.491525,0.322034,1
0.508475,0.322034,1.23422
0.525424,0.322034,1.44238
0.542373,0.322034,1.62707
0.559322,0.322034,1.79079
0.576271,0.322034,1.9358
0.59322,0.322034,2.06411
0.610169,0.322034,2.17734
0.627119,0.322034,2.27674
0.644068,0.322034,2.36313
0.661017,0.322034,2.43696
0.677966,0.322034,2.49828
0.694915,0.322034,2.54685
0.711864,0.322034,2.58219
0.728814,0.322034,2.60361
0.745763,0.322034,2.61032
0.762712,0.322034,2.60144
0.779661,0.322034,2.57604
0.79661,0.322034,2.53321
0.813559,0.322034,2.47201
0.830508,0.322034,2.39155
0.847458,0.322034,2.29095
0.864407,0.322034,2.16938
0.881356,0.322034,2.02599
0.898305,0.322034,1.86
0.915254,0.322034,1.67062
0.932203,0.322034,1.45706
0.949153,0.322034,1.21856
0.966102,0.322034,0.954363
0.983051,0.322034,0.663709
1,0.322034,0.34584
0,0.338983,0.285384
0.0169492,0.338983,0.542094
0.0338983,0.338983,0.770181
0.0508475,0.338983,0.969685
0.0677966,0.338983,1.14064
0.0847458,0.338983,1.28307
0.101695,0.338983,1.397
0.118644,0.338983,1.48245
0.135593,0.338983,1.53945
0.152542,0.338983,1.56803
0.169492,0.338983,1.56823
0.186441,0.338983,1.54003
0.20339,0.338983,1.4833
0.220339,0.338983,1.3977
0.237288,0.338983,1.28295
0.254237,0.338983,1.1416
0.271186,0.338983,1
0.288136,0.338983,1
0.305085,0.338983,1.11833
0.322034,0.338983,1.19773
0.338983,0.338983,1.25216
0.355932,0.338983,1.28608
0.372881,0.338983,1.30314
0.389831,0.338983,1.30789
0.40678,0.338983,1.3043
0.423729,0.338983,1.28739
0.440678,0.338983,1.25178
0.457627,0.338983,1.19364
0.474576,0.338983,1.11035
0.491525,0.338983,1
0.508475,0.338983,1.22337
0.525424,0.338983,1.42113
0.542373,0.338983,1.5963
0.559322,0.338983,1.75171
0.576271,0.338983,1.88989
0.59322,0.338983,2.01301
0.610169,0.338983,2.12279
0.627119,0.338983,2.22045
0.644068,0.338983,2.30674
0.661017,0.338983,2.3819
0.677966,0.338983,2.4458
0.694915,0.338983,2.49793
0.711864,0.338983,2.53754
0.728814,0.338983,2.5637
0.745763,0.338983,2.57536
0.762712,0.338983,2.57144
0.779661,0.338983,2.55085
0.79661,0.338983,2.51253
0.813559,0.338983,2.45547
0.830508,0.338983,2.37869
0.847458,0.338983,2.28129
0.864407,0.338983,2.16241
0.881356,0.338983,2.02123
0.898305,0.338983,1.85698
0.915254,0.338983,1.66889
0.932203,0.338983,1.45624
0.949153,0.338983,1.21833
0.966102,0.338983,0.954434
0.983051,0.338983,0.663875
1,0.338983,0.345959
0,0.355932,0.290198
0.0169492,0.355932,0.551748
0.0338983,0.355932,0.784726
0.0508475,0.355932,0.989204
0.0677966,0.355932,1.16525
0.0847458,0.355932,1.31293
0.101695,0.355932,1.4323
0.118644,0.355932,1.52344
0.135593,0.355932,1.5864
0.152542,0.355932,1.62126
0.169492,0.355932,1.62811
0.186441,0.355932,1.60704
0.20339,0.355932,1.55816
0.220339,0.355932,1.48182
0.237288,0.355932,1.37926
0.254237,0.355932,1.25472
0.271186,0.355932,1.12085
0.288136,0.355932,1
0.305085,0.355932,1.07461
0.322034,0.355932,1.15138
0.338983,0.355932,1.20635
0.355932,0.355932,1.2385
0.372881,0.355932,1.25142
0.389831,0.355932,1.25381
0.40678,0.355932,1.26105
0.423729,0.355932,1.25687
0.440678,0.355932,1.23187
0.457627,0.355932,1.18185
0.474576,0.355932,1.10491
0.491525,0.355932,1
0.508475,0.355932,1.20941
0.525424,0.355932,1.39375
0.542373,0.355932,1.55657
0.559322,0.355932,1.70112
0.576271,0.355932,1.83031
0.59322,0.355932,1.94653
0.610169,0.355932,2.05162
0.627119,0.355932,2.14682
0.644068,0.355932,2.23273
0.661017,0.355932,2.30939
0.677966,0.355932,2.37636
0.694915,0.355932,2.43281
0.711864,0.355932,2.47763
0.728814,0.355932,2.50955
0.745763,0.355932,2.52725
0.762712,0.355932,2.52939
0.779661,0.355932,2.51466
0.79661,0.355932,2.48188
0.813559,0.355932,2.42991
0.830508,0.355932,2.35772
0.847458,0.355932,2.26438
0.864407,0.355932,2.14901
0.881356,0.355932,2.01082
0.898305,0.355932,1.84905
0.915254,0.355932,1.663
0.932203,0.355932,1.45198
0.949153,0.355932,1.21534
0.966102,0.355932,0.952446
0.983051,0.355932,0.66267
1,0.355932,0.345393
0,0.372881,0.294934
0.0169492,0.372881,0.561246
0.0338983,0.372881,0.799043
0.0508475,0.372881,1.00843
0.0677966,0.372881,1.1895
0.0847458,0.372881,1.34236
0.101695,0.372881,1.46712
0.118644,0.372881,1.56386
0.135593,0.372881,1.63271
0.152542,0.372881,1.67378
0.169492,0.372881,1.6872
0.186441,0.372881,1.67312
0.20339,0.372881,1.63175
0.220339,0.372881,1.56343
0.237288,0.372881,1.4688
0.254237,0.372881,1.34846
0.271186,0.372881,1.19994
0.288136,0.372881,1
0.305085,0.372881,1
0.322034,0.372881,1.09811
0.338983,0.372881,1.15463
0.355932,0.372881,1.18141
0.372881,0.372881,1.18151
0.389831,0.372881,1.16614
0.40678,0.372881,1.2005
0.423729,0.372881,1.21845
0.440678,0.372881,1.20824
0.457627,0.372881,1.16827
0.474576,0.372881,1.09871
0.491525,0.372881,1
0.508475,0.372881,1.19178
0.525424,0.372881,1.35917
0.542373,0.372881,1.50636
0.559322,0.372881,1.63718
0.576271,0.372881,1.75496
0.59322,0.372881,1.86245
0.610169,0.372881,1.96163
0.627119,0.372881,2.05374
0.644068,0.372881,2.13923
0.661017,0.372881,2.21784
0.677966,0.372881,2.28872
0.694915,0.372881,2.35058
0.711864,0.372881,2.40188
0.728814,0.372881,2.44091
0.745763,0.372881,2.46598
0.762712,0.372881,2.47546
0.779661,0.372881,2.46781
0.79661,0.372881,2.44168
0.813559,0.372881,2.39583
0.830508,0.372881,2.32918
0.847458,0.372881,2.24077
0.864407,0.372881,2.12972
0.881356,0.372881,1.99526
0.898305,0.372881,1.83669
0.915254,0.372881,1.65334
0.932203,0.372881,1.4446
0.949153,0.372881,1.20988
0.966102,0.372881,0.948613
0.983051,0.372881,0.660239
1,0.372881,0.344214
0,0.389831,0.299563
0.0169492,0.389831,0.570533
0.0338983,0.389831,0.813046
0.0508475,0.389831,1.02723
0.0677966,0.389831,1.21323
0.0847458,0.389831,1.37118
0.101695,0.389831,1.50121
0.118644,0.389831,1.60346
0.135593,0.389831,1.67808
0.152542,0.389831,1.72523
0.169492,0.389831,1.74506
0.186441,0.389831,1.73777
0.20339,0.389831,1.70355
0.220339,0.389831,1.64265
0.237288,0.389831,1.55531
0.254237,0.389831,1.44167
0.271186,0.389831,1.30173
0.288136,0.389831,1.13953
0.305085,0.389831,1
0.322034,0.389831,1.05769
0.338983,0.389831,1.10391
0.355932,0.389831,1.12228
0.372881,0.389831,1.09836
0.389831,0.389831,1
0.40678,0.389831,1.12764
0.423729,0.389831,1.17947
0.440678,0.389831,1.18566
0.457627,0.389831,1.15554
0.474576,0.389831,1.09294
0.491525,0.389831,1
0.508475,0.389831,1.1698
0.525424,0.389831,1.31608
0.542373,0.389831,1.44381
0.559322,0.389831,1.55754
0.576271,0.389831,1.6612
0.59322,0.389831,1.75794
0.610169,0.389831,1.84999
0.627119,0.389831,1.93856
0.644068,0.389831,2.0239
0.661017,0.389831,2.1053
0.677966,0.389831,2.18136
0.694915,0.389831,2.2502
0.711864,0.389831,2.30966
0.728814,0.389831,2.35751
0.745763,0.389831,2.39159
0.762712,0.389831,2.40991
0.779661,0.389831,2.41072
0.79661,0.389831,2.39247
0.813559,0.389831,2.35384
0.830508,0.389831,2.29369
0.847458,0.389831,2.21106
0.864407,0.389831,2.1051
0.881356,0.389831,1.97509
0.898305,0.389831,1.82037
0.915254,0.389831,1.64035
0.932203,0.389831,1.43448
0.949153,0.389831,1.20225
0.966102,0.389831,0.943157
0.983051,0.389831,0.65673
1,0.389831,0.342499
0,0.40678,0.304056
0.0169492,0.40678,0.57955
0.0338983,0.40678,0.826644
0.0508475,0.40678,1.0455
0.0677966,0.40678,1.2363
0.0847458,0.40678,1.39919
0.101695,0.40678,1.53435
0.118644,0.40678,1.64196
0.135593,0.40678,1.7222
0.152542,0.40678,1.77525
0.169492,0.40678,1.80133
0.186441,0.40678,1.80061
0.20339,0.40678,1.7733
0.220339,0.40678,1.71956
0.237288,0.40678,1.63941
0.254237,0.40678,1.53243
0.271186,0.40678,1.39704
0.288136,0.40678,1.22766
0.305085,0.40678,1
0.322034,0.40678,1
0.338983,0.40678,1.05233
0.355932,0.40678,1.0767
0.372881,0.40678,1.06093
0.389831,0.40678,1
0.40678,0.40678,1.10187
0.423729,0.40678,1.15739
0.440678,0.40678,1.17065
0.457627,0.40678,1.14656
0.474576,0.40678,1.08878
0.491525,0.40678,1
0.508475,0.40678,1.14262
0.525424,0.40678,1.2628
0.542373,0.40678,1.36652
0.559322,0.40678,1.45924
0.576271,0.40678,1.54562
0.59322,0.40678,1.6294
0.610169,0.40678,1.71308
0.627119,0.40678,1.7979
0.644068,0.40678,1.88376
0.661017,0.40678,1.96936
0.677966,0.40678,2.0525
0.694915,0.40678,2.13047
0.711864,0.40678,2.20032
0.728814,0.40678,2.25914
0.745763,0.40678,2.30421
0.762712,0.40678,2.33316
0.779661,0.40678,2.34396
0.79661,0.40678,2.33492
0.813559,0.40678,2.30463
0.830508,0.40678,2.25195
0.847458,0.40678,2.17594
0.864407,0.40678,2.07581
0.881356,0.40678,1.9509
0.898305,0.40678,1.80063
0.915254,0.40678,1.62448
0.932203,0.40678,1.422
0.949153,0.40678,1.19274
0.966102,0.40678,0.93631
0.983051,0.40678,0.652299
1,0.40678,0.340323
0,0.423729,0.308386
0.0169492,0.423729,0.588238
0.0338983,0.423729,0.839749
0.0508475,0.423729,1.06311
0.0677966,0.423729,1.25853
0.0847458,0.423729,1.42619
0.101695,0.423729,1.56632
0.118644,0.423729,1.6791
0.135593,0.423729,1.76477
0.152542,0.423729,1.82354
0.169492,0.423729,1.85565
0.186441,0.423729,1.86132
0.20339,0.423729,1.84077
0.220339,0.423729,1.79417
0.237288,0.423729,1.72159
0.254237,0.423729,1.62289
0.271186,0.423729,1.49762
0.288136,0.423729,1.34534
0.305085,0.423729,1.16893
0.322034,0.423729,1
0.338983,0.423729,1
0.355932,0.423729,1.04252
0.372881,0.423729,1.03994
0.389831,0.423729,1
0.40678,0.423729,1.09372
0.423729,0.423729,1.14883
0.440678,0.423729,1.16427
0.457627,0.423729,1.14256
0.474576,0.423729,1.08687
0.491525,0.423729,1
0.508475,0.423729,1.10915
0.525424,0.423729,1.19724
0.542373,0.423729,1.27153
0.559322,0.423729,1.33855
0.576271,0.423729,1.40393
0.59322,0.423729,1.47222
0.610169,0.423729,1.54632
0.627119,0.423729,1.62746
0.644068,0.423729,1.71517
0.661017,0.423729,1.80715
0.677966,0.423729,1.90008
0.694915,0.423729,1.99014
0.711864,0.423729,2.0733
0.728814,0.423729,2.14578
0.745763,0.423729,2.20423
0.762712,0.423729,2.24584
0.779661,0.423729,2.26832
0.79661,0.423729,2.26988
0.813559,0.423729,2.24908
0.830508,0.423729,2.20482
0.847458,0.423729,2.13622
0.864407,0.423729,2.04258
0.881356,0.423729,1.92335
0.898305,0.423729,1.77803
0.915254,0.423729,1.60622
0.932203,0.423729,1.40756
0.949153,0.423729,1.18169
0.966102,0.423729,0.928312
0.983051,0.423729,0.647104
1,0.423729,0.337767
0,0.440678,0.312523
0.0169492,0.440678,0.59654
0.0338983,0.440678,0.852273
0.0508475,0.440678,1.07995
0.0677966,0.440678,1.27978
0.0847458,0.440678,1.45202
0.101695,0.440678,1.59689
0.118644,0.440678,1.71464
0.135593,0.440678,1.80551
0.152542,0.440678,1.86977
0.169492,0.440678,1.90768
0.186441,0.440678,1.91952
0.20339,0.440678,1.90555
0.220339,0.440678,1.86603
0.237288,0.440678,1.80117
0.254237,0.440678,1.71119
0.271186,0.440678,1.59649
0.288136,0.440678,1.4584
0.305085,0.440678,1.30167
0.322034,0.440678,1.14065
0.338983,0.440678,1
0.355932,0.440678,1.0247
0.372881,0.440678,1.02757
0.389831,0.440678,1
0.40678,0.440678,1.09544
0.423729,0.440678,1.15124
0.440678,0.440678,1.16629
0.457627,0.440678,1.14382
0.474576,0.440678,1.08743
0.491525,0.440678,1
0.508475,0.440678,1.06802
0.525424,0.440678,1.11676
0.542373,0.440678,1.15507
0.559322,0.440678,1.19077
0.576271,0.440678,1.23059
0.59322,0.440678,1.28051
0.610169,0.440678,1.34377
0.627119,0.440678,1.42173
0.644068,0.440678,1.5136
0.661017,0.440678,1.61524
0.677966,0.440678,1.72182
0.694915,0.440678,1.82796
0.711864,0.440678,1.92824
0.728814,0.440678,2.01774
0.745763,0.440678,2.09237
0.762712,0.440678,2.14891
0.779661,0.440678,2.18489
0.79661,0.440678,2.19846
0.813559,0.440678,2.18826
0.830508,0.440678,2.15329
0.847458,0.440678,2.0928
0.864407,0.440678,2.00623
0.881356,0.440678,1.89314
0.898305,0.440678,1.7532
0.915254,0.440678,1.58609
0.932203,0.440678,1.39158
0.949153,0.440678,1.16943
0.966102,0.440678,0.919414
0.983051,0.440678,0.641312
1,0.440678,0.334913
0,0.457627,0.316439
0.0169492,0.457627,0.604399
0.0338983,0.457627,0.86413
0.0508475,0.457627,1.09588
0.0677966,0.457627,1.29992
0.0847458,0.457627,1.47649
0.101695,0.457627,1.62586
0.118644,0.457627,1.74831
0.135593,0.457627,1.84413
0.152542,0.457627,1.91361
0.169492,0.457627,1.95706
0.186441,0.457627,1.9748
0.20339,0.457627,1.96716
0.220339,0.457627,1.93449
0.237288,0.457627,1.87714
0.254237,0.457627,1.79549
0.271186,0.457627,1.69002
0.288136,0.457627,1.56138
0.305085,0.457627,1.40997
0.322034,0.457627,1.2322
0.338983,0.457627,1
0.355932,0.457627,1
0.372881,0.457627,1.01693
0.389831,0.457627,1
0.40678,0.457627,1.10807
0.423729,0.457627,1.16566
0.440678,0.457627,1.17711
0.457627,0.457627,1.15026
0.474576,0.457627,1.0903
0.491525,0.457627,1
0.508475,0.457627,1.01745
0.525424,0.457627,1.01797
0.542373,0.457627,1.0125
0.559322,0.457627,1.01013
0.576271,0.457627,1.01844
0.59322,0.457627,1.04673
0.610169,0.457627,1.0978
0.627119,0.457627,1.17337
0.644068,0.457627,1.27351
0.661017,0.457627,1.38967
0.677966,0.457627,1.51527
0.694915,0.457627,1.64292
0.711864,0.457627,1.76522
0.728814,0.457627,1.87583
0.745763,0.457627,1.96988
0.762712,0.457627,2.04382
0.779661,0.457627,2.09513
0.79661,0.457627,2.12208
0.813559,0.457627,2.1235
0.830508,0.457627,2.09856
0.847458,0.457627,2.04674
0.864407,0.457627,1.96766
0.881356,0.457627,1.86108
0.898305,0.457627,1.72679
0.915254,0.457627,1.56465
0.932203,0.457627,1.37453
0.949153,0.457627,1.15631
0.966102,0.457627,0.909871
0.983051,0.457627,0.635091
1,0.457627,0.331844
0,0.474576,0.320106
0.0169492,0.474576,0.611759
0.0338983,0.474576,0.875237
0.0508475,0.474576,1.11082
0.0677966,0.474576,1.31878
0.0847458,0.474576,1.49942
0.101695,0.474576,1.65302
0.118644,0.474576,1.7799
0.135593,0.474576,1.88037
0.152542,0.474576,1.95476
0.169492,0.474576,2.00342
0.186441,0.474576,2.02673
0.20339,0.474576,2.02508
0.220339,0.474576,1.99891
0.237288,0.474576,1.94868
0.254237,0.474576,1.87488
0.271186,0.474576,1.778
0.288136,0.474576,1.65839
0.305085,0.474576,1.5159
0.322034,0.474576,1.34946
0.338983,0.474576,1.16134
0.355932,0.474576,1
0.372881,0.474576,1.01141
0.389831,0.474576,1
0.40678,0.474576,1.14243
0.423729,0.474576,1.19751
0.440678,0.474576,1.19751
0.457627,0.474576,1.16109
0.474576,0.474576,1.09478
0.491525,0.474576,1
0.508475,0.474576,0.955066
0.525424,0.474576,0.896464
0.542373,0.474576,0.838093
0.559322,0.474576,0.790102
0.576271,0.474576,0.75757
0.59322,0.474576,0.761437
0.610169,0.474576,0.798604
0.627119,0.474576,0.871716
0.644068,0.474576,0.988671
0.661017,0.474576,1.12595
0.677966,0.474576,1.27794
0.694915,0.474576,1.43451
0.711864,0.474576,1.58515
0.728814,0.474576,1.72175
0.745763,0.474576,1.83877
0.762712,0.474576,1.93262
0.779661,0.474576,2.001
0.79661,0.474576,2.04253
0.813559,0.474576,2.05635
0.830508,0.474576,2.04199
0.847458,0.474576,1.9992
0.864407,0.474576,1.92788
0.881356,0.474576,1.82798
0.898305,0.474576,1.6995
0.915254,0.474576,1.54245
0.932203,0.474576,1.35684
0.949153,0.474576,1.14268
0.966102,0.474576,0.899943
0.983051,0.474576,0.62861
1,0.474576,0.328644
0,0.491525,0.323497
0.0169492,0.491525,0.618568
0.0338983,0.491525,0.885513
0.0508475,0.491525,1.12464
0.0677966,0.491525,1.33625
0.0847458,0.491525,1.52066
0.101695,0.491525,1.67819
0.118644,0.491525,1.80917
0.135593,0.491525,1.91396
0.152542,0.491525,1.9929
0.169492,0.491525,2.0464
0.186441,0.491525,2.07488
0.20339,0.491525,2.0788
0.220339,0.491525,2.05867
0.237288,0.491525,2.01507
0.254237,0.491525,1.94863
0.271186,0.491525,1.85998
0.288136,0.491525,1.74956
0.305085,0.491525,1.61705
0.322034,0.491525,1.45968
0.338983,0.491525,1.26716
0.355932,0.491525,1
0.372881,0.491525,1
0.389831,0.491525,1
0.40678,0.491525,1.23543
0.423729,0.491525,1.25571
0.440678,0.491525,1.22561
0.457627,0.491525,1.17307
0.474576,0.491525,1.09901
0.491525,0.491525,1
0.508475,0.491525,0.877625
0.525424,0.491525,0.745996
0.542373,0.491525,0.624578
0.559322,0.491525,0.525885
0.576271,0.491525,0.431575
0.59322,0.491525,0.414119
0.610169,0.491525,0.434735
0.627119,0.491525,0.497491
0.644068,0.491525,0.654783
0.661017,0.491525,0.818778
0.677966,0.491525,1.0073
0.694915,0.491525,1.20332
0.711864,0.491525,1.39039
0.728814,0.491525,1.55852
0.745763,0.491525,1.70211
0.762712,0.491525,1.81815
0.779661,0.491525,1.90502
0.79661,0.491525,1.96194
0.813559,0.491525,1.98865
0.830508,0.491525,1.98511
0.847458,0.491525,1.95148
0.864407,0.491525,1.88795
0.881356,0.491525,1.79474
0.898305,0.491525,1.67205
0.915254,0.491525,1.52009
0.932203,0.491525,1.33899
0.949153,0.491525,1.12889
0.966102,0.491525,0.889884
0.983051,0.491525,0.622035
1,0.491525,0.325395
0,0.508475,0.326589
0.0169492,0.508475,0.624775
0.0338983,0.508475,0.894884
0.0508475,0.508475,1.13724
0.0677966,0.508475,1.35219
0.0847458,0.508475,1.54005
0.101695,0.508475,1.70117
0.118644,0.508475,1.83592
0.135593,0.508475,1.94465
0.152542,0.508475,2.02777
0.169492,0.508475,2.08568
0.186441,0.508475,2.11886
0.20339,0.508475,2.12783
0.220339,0.508475,2.11316
0.237288,0.508475,2.07557
0.254237,0.508475,2.01585
0.271186,0.508475,1.935
0.288136,0.508475,1.83411
0.305085,0.508475,1.71432
0.322034,0.508475,1.57633
0.338983,0.508475,1.41891
0.355932,0.508475,1.23427
0.372881,0.508475,1
0.389831,0.508475,2
0.40678,0.508475,1.51487
0.423729,0.508475,1.33554
0.440678,0.508475,1.24742
0.457627,0.508475,1.17783
0.474576,0.508475,1.09947
0.491525,0.508475,1
0.508475,0.508475,0.780712
0.525424,0.508475,0.556589
0.542373,0.508475,0.359613
0.559322,0.508475,0.228556
0.576271,0.508475,0
0.59322,0.508475,0
0.610169,0.508475,0
0.627119,0.508475,0
0.644068,0.508475,0.285466
0.661017,0.508475,0.458353
0.677966,0.508475,0.70044
0.694915,0.508475,0.952337
0.711864,0.508475,1.18587
0.728814,0.508475,1.39108
0.745763,0.508475,1.56429
0.762712,0.508475,1.70412
0.779661,0.508475,1.81024
0.79661,0.508475,1.88286
0.813559,0.508475,1.92246
0.830508,0.508475,1.92961
0.847458,0.508475,1.90493
0.864407,0.508475,1.84897
0.881356,0.508475,1.76224
0.898305,0.508475,1.64516
0.915254,0.508475,1.49812
0.932203,0.508475,1.32141
0.949153,0.508475,1.11529
0.966102,0.508475,0.879937
0.983051,0.508475,0.615524
1,0.508475,0.322175
0,0.525424,0.329355
0.0169492,0.525424,0.630331
0.0338983,0.525424,0.903276
0.0508475,0.525424,1.14854
0.0677966,0.525424,1.36648
0.0847458,0.525424,1.55745
0.101695,0.525424,1.72181
0.118644,0.525424,1.85995
0.135593,0.525424,1.97224
0.152542,0.525424,2.0591
0.169492,0.525424,2.12097
0.186441,0.525424,2.15834
0.20339,0.525424,2.17176
0.220339,0.525424,2.16187
0.237288,0.525424,2.12945
0.254237,0.525424,2.07549
0.271186,0.525424,2.00132
0.288136,0.525424,1.90882
0.305085,0.525424,1.80106
0.322034,0.525424,1.68368
0.338983,0.525424,1.56913
0.355932,0.525424,1.48945
0.372881,0.525424,1.53768
0.389831,0.525424,2
0.40678,0.525424,1.45976
0.423729,0.525424,1.29546
0.440678,0.525424,1.22195
0.457627,0.525424,1.16266
0.474576,0.525424,1.09231
0.491525,0.525424,1
0.508475,0.525424,0.659907
0.525424,0.525424,0.311306
0.542373,0.525424,0
0.559322,0.525424,0
0.576271,0.525424,0
0.59322,0.525424,0
0.610169,0.525424,0
0.627119,0.525424,0
0.644068,0.525424,0
0.661017,0.525424,0
0.677966,0.525424,0.355041
0.694915,0.525424,0.690997
0.711864,0.525424,0.980919
0.728814,0.525424,1.22693
0.745763,0.525424,1.43113
0.762712,0.525424,1.59508
0.779661,0.525424,1.72023
0.79661,0.525424,1.80806
0.813559,0.525424,1.85998
0.830508,0.525424,1.87723
0.847458,0.525424,1.86093
0.864407,0.525424,1.81204
0.881356,0.525424,1.73135
0.898305,0.525424,1.61952
0.915254,0.525424,1.4771
0.932203,0.525424,1.30453
0.949153,0.525424,1.10218
0.966102,0.525424,0.870327
0.983051,0.525424,0.60922
1,0.525424,0.319053
0,0.542373,0.331773
0.0169492,0.542373,0.63519
0.0338983,0.542373,0.910621
0.0508475,0.542373,1.15844
0.0677966,0.542373,1.37901
0.0847458,0.542373,1.57273
0.101695,0.542373,1.73996
0.118644,0.542373,1.88109
0.135593,0.542373,1.99653
0.152542,0.542373,2.08669
0.169492,0.542373,2.15204
0.186441,0.542373,2.19304
0.20339,0.542373,2.21027
0.220339,0.542373,2.20438
0.237288,0.542373,2.17615
0.254237,0.542373,2.12663
0.271186,0.542373,2.05723
0.288136,0.542373,1.97008
0.305085,0.542373,1.86869
0.322034,0.542373,1.75949
0.338983,0.542373,1.65577
0.355932,0.542373,1.58797
0.372881,0.542373,1.63254
0.389831,0.542373,2
0.40678,0.542373,1
0.423729,0.542373,1.13584
0.440678,0.542373,1.15356
0.457627,0.542373,1.12981
0.474576,0.542373,1.07838
0.491525,0.542373,1
0.508475,0.542373,0.518884
0.525424,0.542373,0
0.542373,0.542373,0
0.559322,0.542373,0
0.576271,0.542373,0
0.59322,0.542373,0
0.610169,0.542373,0
0.627119,0.542373,0
0.644068,0.542373,0
0.661017,0.542373,0
0.677966,0.542373,0
0.694915,0.542373,0.446964
0.711864,0.542373,0.791162
0.728814,0.542373,1.07584
0.745763,0.542373,1.30951
0.762712,0.542373,1.49609
0.779661,0.542373,1.63882
0.79661,0.542373,1.74047
0.813559,0.542373,1.80343
0.830508,0.542373,1.82966
0.847458,0.542373,1.82081
0.864407,0.542373,1.77818
0.881356,0.542373,1.70287
0.898305,0.542373,1.59573
0.915254,0.542373,1.45749
0.932203,0.542373,1.28871
0.949153,0.542373,1.08983
0.966102,0.542373,0.861247
0.983051,0.542373,0.603248
1,0.542373,0.316091
0,0.559322,0.333821
0.0169492,0.559322,0.639307
0.0338983,0.559322,0.916852
0.0508475,0.559322,1.16685
0.0677966,0.559322,1.38969
0.0847458,0.559322,1.58576
0.101695,0.559322,1.75546
0.118644,0.559322,1.8992
0.135593,0.559322,2.01737
0.152542,0.559322,2.11039
0.169492,0.559322,2.1787
0.186441,0.559322,2.22279
0.20339,0.559322,2.24318
0.220339,0.559322,2.24048
0.237288,0.559322,2.21542
0.254237,0.559322,2.16891
0.271186,0.559322,2.10217
0.288136,0.559322,2.01686
0.305085,0.559322,1.91539
0.322034,0.559322,1.80107
0.338983,0.559322,1.67778
0.355932,0.559322,1.5454
0.372881,0.559322,1.3758
0.389831,0.559322,1
0.40678,0.559322,1
0.423729,0.559322,1.06562
0.440678,0.559322,1.0979
0.457627,0.559322,1.0959
0.474576,0.559322,1.06269
0.491525,0.559322,1
0.508475,0.559322,0.386903
0.525424,0.559322,0
0.542373,0.559322,0
0.559322,0.559322,0
0.576271,0.559322,0
0.59322,0.559322,0
0.610169,0.559322,0
0.627119,0.559322,0
0.644068,0.559322,0
0.661017,0.559322,0
0.677966,0.559322,0
0.694915,0.559322,0.276971
0.711864,0.559322,0.632193
0.728814,0.559322,0.947045
0.745763,0.559322,1.20623
0.762712,0.559322,1.41225
0.779661,0.559322,1.56974
0.79661,0.559322,1.68284
0.813559,0.559322,1.75487
0.830508,0.559322,1.78847
0.847458,0.559322,1.78572
0.864407,0.559322,1.74828
0.881356,0.559322,1.67747
0.898305,0.559322,1.57433
0.915254,0.559322,1.4397
0.932203,0.559322,1.27424
0.949153,0.559322,1.07848
0.966102,0.559322,0.852852
0.983051,0.559322,0.597707
1,0.559322,0.313337
0,0.576271,0.335475
0.0169492,0.576271,0.642638
0.0338983,0.576271,0.921905
0.0508475,0.576271,1.17369
0.0677966,0.576271,1.39839
0.0847458,0.576271,1.59644
0.101695,0.576271,1.76822
0.118644,0.576271,1.91414
0.135593,0.576271,2.03462
0.152542,0.576271,2.13006
0.169492,0.576271,2.20088
0.186441,0.576271,2.24752
0.20339,0.576271,2.27046
0.220339,0.576271,2.27022
0.237288,0.576271,2.2474
0.254237,0.576271,2.2027
0.271186,0.576271,2.13694
0.288136,0.576271,2.05109
0.305085,0.576271,1.9462
0.322034,0.576271,1.82291
0.338983,0.576271,1.68014
0.355932,0.576271,1.51131
0.372881,0.576271,1.29652
0.389831,0.576271,1
0.40678,0.576271,1
0.423729,0.576271,1
0.440678,0.576271,1.04778
0.457627,0.576271,1.0645
0.474576,0.576271,1.04774
0.491525,0.576271,1
0.508475,0.576271,0
0.525424,0.576271,0
0.542373,0.576271,0
0.559322,0.576271,0
0.576271,0.576271,0
0.59322,0.576271,0
0.610169,0.576271,0
0.627119,0.576271,0
0.644068,0.576271,0
0.661017,0.576271,0
0.677966,0.576271,0
0.694915,0.576271,0
0.711864,0.576271,0.484868
0.728814,0.576271,0.845184
0.745763,0.576271,1.1274
0.762712,0.576271,1.34821
0.779661,0.576271,1.51634
0.79661,0.576271,1.63755
0.813559,0.576271,1.71601
0.830508,0.576271,1.75488
0.847458,0.576271,1.7566
0.864407,0.576271,1.72303
0.881356,0.576271,1.65568
0.898305,0.576271,1.5557
0.915254,0.576271,1.42401
0.932203,0.576271,1.26134
0.949153,0.576271,1.06827
0.966102,0.576271,0.845248
0.983051,0.576271,0.592662
1,0.576271,0.310822
0,0.59322,0.336714
0.0169492,0.59322,0.645139
0.0338983,0.59322,0.925714
0.0508475,0.59322,1.17887
0.0677966,0.59322,1.40504
0.0847458,0.59322,1.60465
0.101695,0.59322,1.7781
0.118644,0.59322,1.92581
0.135593,0.59322,2.04819
0.152542,0.59322,2.14562
0.169492,0.59322,2.21849
0.186441,0.59322,2.26722
0.20339,0.59322,2.29219
0.220339,0.59322,2.29382
0.237288,0.59322,2.27255
0.254237,0.59322,2.22881
0.271186,0.59322,2.16306
0.288136,0.59322,2.07565
0.305085,0.59322,1.96667
0.322034,0.59322,1.83549
0.338983,0.59322,1.67985
0.355932,0.59322,1.49445
0.372881,0.59322,1.27024
0.389831,0.59322,1
0.40678,0.59322,1.0131
0.423729,0.59322,1
0.440678,0.59322,1
0.457627,0.59322,1.03784
0.474576,0.59322,1.03503
0.491525,0.59322,1
0.508475,0.59322,0
0.525424,0.59322,0
0.542373,0.59322,0
0.559322,0.59322,0
0.576271,0.59322,0
0.59322,0.59322,0
0.610169,0.59322,0
0.627119,0.59322,0
0.644068,0.59322,0
0.661017,0.59322,0
0.677966,0.59322,0
0.694915,0.59322,0
0.711864,0.59322,0.433367
0.728814,0.59322,0.792699
0.745763,0.59322,1.08124
0.762712,0.59322,1.30811
0.779661,0.59322,1.48113
0.79661,0.59322,1.60628
0.813559,0.59322,1.68802
0.830508,0.59322,1.72974
0.847458,0.59322,1.73402
0.864407,0.59322,1.70285
0.881356,0.59322,1.63779
0.898305,0.59322,1.54005
0.915254,0.59322,1.41058
0.932203,0.59322,1.25012
0.949153,0.59322,1.05927
0.966102,0.59322,0.838484
0.983051,0.59322,0.588144
1,0.59322,0.30856
0,0.610169,0.337513
0.0169492,0.610169,0.646764
0.0338983,0.610169,0.928213
0.0508475,0.610169,1.18232
0.0677966,0.610169,1.40953
0.0847458,0.610169,1.61028
0.101695,0.610169,1.785
0.118644,0.610169,1.9341
0.135593,0.610169,2.05797
0.152542,0.610169,2.157
0.169492,0.610169,2.23154
0.186441,0.610169,2.28194
0.20339,0.610169,2.30853
0.220339,0.610169,2.3116
0.237288,0.610169,2.29142
0.254237,0.610169,2.24822
0.271186,0.610169,2.18211
0.288136,0.610169,2.09305
0.305085,0.610169,1.98062
0.322034,0.610169,1.84381
0.338983,0.610169,1.68059
0.355932,0.610169,1.48768
0.372881,0.610169,1.26125
0.389831,0.610169,1
0.40678,0.610169,1.02367
0.423729,0.610169,1.02139
0.440678,0.610169,1
0.457627,0.610169,1.0231
0.474576,0.610169,1.02583
0.491525,0.610169,1
0.508475,0.610169,0
0.525424,0.610169,0
0.542373,0.610169,0
0.559322,0.610169,0
0.576271,0.610169,0
0.59322,0.610169,0
0.610169,0.610169,0
0.627119,0.610169,0
0.644068,0.610169,0
0.661017,0.610169,0
0.677966,0.610169,0
0.694915,0.610169,0
0.711864,0.610169,0.427174
0.728814,0.610169,0.782271
0.745763,0.610169,1.06804
0.762712,0.610169,1.29313
0.779661,0.610169,1.46507
0.79661,0.610169,1.58968
0.813559,0.610169,1.67132
0.830508,0.610169,1.7133
0.847458,0.610169,1.71815
0.864407,0.610169,1.68783
0.881356,0.610169,1.62385
0.898305,0.610169,1.5274
0.915254,0.610169,1.39941
0.932203,0.610169,1.24057
0.949153,0.610169,1.05147
0.966102,0.610169,0.832548
0.983051,0.610169,0.584144
1,0.610169,0.306547
0,0.627119,0.337848
0.0169492,0.627119,0.647461
0.0338983,0.627119,0.929329
0.0508475,0.627119,1.18393
0.0677966,0.627119,1.41174
0.0847458,0.627119,1.61322
0.101695,0.627119,1.78879
0.118644,0.627119,1.93888
0.135593,0.627119,2.06387
0.152542,0.627119,2.16414
0.169492,0.627119,2.24
0.186441,0.627119,2.29176
0.20339,0.627119,2.31966
0.220339,0.627119,2.32389
0.237288,0.627119,2.3046
0.254237,0.627119,2.2618
0.271186,0.627119,2.19539
0.288136,0.627119,2.10507
0.305085,0.627119,1.99023
0.322034,0.627119,1.84982
0.338983,0.627119,1.6823
0.355932,0.627119,1.48571
0.372881,0.627119,1.25835
0.389831,0.627119,1
0.40678,0.627119,1.03145
0.423729,0.627119,1.03318
0.440678,0.627119,1
0.457627,0.627119,1
0.474576,0.627119,1.01646
0.491525,0.627119,1
0.508475,0.627119,0
0.525424,0.627119,0
0.542373,0.627119,0
0.559322,0.627119,0
0.576271,0.627119,0
0.59322,0.627119,0
0.610169,0.627119,0
0.627119,0.627119,0
0.644068,0.627119,0
0.661017,0.627119,0
0.677966,0.627119,0
0.694915,0.627119,0
0.711864,0.627119,0.464331
0.728814,0.627119,0.81244
0.745763,0.627119,1.08681
0.762712,0.627119,1.30255
0.779661,0.627119,1.46763
0.79661,0.627119,1.58733
0.813559,0.627119,1.66556
0.830508,0.627119,1.70527
0.847458,0.627119,1.70873
0.864407,0.627119,1.67774
0.881356,0.627119,1.61366
0.898305,0.627119,1.51758
0.915254,0.627119,1.39033
0.932203,0.627119,1.23257
0.949153,0.627119,1.04478
0.966102,0.627119,0.827362
0.983051,0.627119,0.580608
1,0.627119,0.304756
0,0.644068,0.33769
0.0169492,0.644068,0.647177
0.0338983,0.644068,0.928982
0.0508475,0.644068,1.18361
0.0677966,0.644068,1.41157
0.0847458,0.644068,1.61333
0.101695,0.644068,1.78934
0.118644,0.644068,1.94002
0.135593,0.644068,2.06578
0.152542,0.644068,2.16695
0.169492,0.644068,2.24384
0.186441,0.644068,2.2967
0.20339,0.644068,2.32572
0.220339,0.644068,2.331
0.237288,0.644068,2.31255
0.254237,0.644068,2.27026
0.271186,0.644068,2.20386
0.288136,0.644068,2.1129
0.305085,0.644068,1.99667
0.322034,0.644068,1.85421
0.338983,0.644068,1.68433
0.355932,0.644068,1.4858
0.372881,0.644068,1.2577
0.389831,0.644068,1
0.40678,0.644068,1.04024
0.423729,0.644068,1.05113
0.440678,0.644068,1.03364
0.457627,0.644068,1
0.474576,0.644068,1.0113
0.491525,0.644068,1
0.508475,0.644068,0.387603
0.525424,0.644068,0
0.542373,0.644068,0
0.559322,0.644068,0
0.576271,0.644068,0
0.59322,0.644068,0
0.610169,0.644068,0
0.627119,0.644068,0
0.644068,0.644068,0
0.661017,0.644068,0
0.677966,0.644068,0
0.694915,0.644068,0.255361
0.711864,0.644068,0.588981
0.728814,0.644068,0.887625
0.745763,0.644068,1.13546
0.762712,0.644068,1.33392
0.779661,0.644068,1.48682
0.79661,0.644068,1.59773
0.813559,0.644068,1.66959
0.830508,0.644068,1.70474
0.847458,0.644068,1.70505
0.864407,0.644068,1.672
0.881356,0.644068,1.60675
0.898305,0.644068,1.5102
0.915254,0.644068,1.38305
0.932203,0.644068,1.22585
0.949153,0.644068,1.03899
0.966102,0.644068,0.822783
0.983051,0.644068,0.577444
1,0.644068,0.30314
0,0.661017,0.337007
0.0169492,0.661017,0.645848
0.0338983,0.661017,0.927079
0.0508475,0.661017,1.18124
0.0677966,0.661017,1.40887
0.0847458,0.661017,1.61046
0.101695,0.661017,1.78648
0.118644,0.661017,1.93737
0.135593,0.661017,2.06354
0.152542,0.661017,2.16531
0.169492,0.661017,2.24298
0.186441,0.661017,2.29676
0.20339,0.661017,2.32679
0.220339,0.661017,2.3331
0.237288,0.661017,2.31561
0.254237,0.661017,2.27409
0.271186,0.661017,2.20817
0.288136,0.661017,2.11726
0.305085,0.661017,2.00062
0.322034,0.661017,1.8573
0.338983,0.661017,1.6863
0.355932,0.661017,1.48671
0.372881,0.661017,1.25795
0.389831,0.661017,1
0.40678,0.661017,1.04964
0.423729,0.661017,1.06874
0.440678,0.661017,1.05471
0.457627,0.661017,1
0.474576,0.661017,1
0.491525,0.661017,1
0.508475,0.661017,0.521685
0.525424,0.661017,0
0.542373,0.661017,0
0.559322,0.661017,0
0.576271,0.661017,0
0.59322,0.661017,0
0.610169,0.661017,0
0.627119,0.661017,0
0.644068,0.661017,0
0.661017,0.661017,0
0.677966,0.661017,0
0.694915,0.661017,0.403736
0.711864,0.661017,0.719879
0.728814,0.661017,0.984888
0.745763,0.661017,1.20477
0.762712,0.661017,1.38212
0.779661,0.661017,1.51929
0.79661,0.661017,1.61846
0.813559,0.661017,1.6816
0.830508,0.661017,1.71032
0.847458,0.661017,1.706
0.864407,0.661017,1.66974
0.881356,0.661017,1.6024
0.898305,0.661017,1.50468
0.915254,0.661017,1.3771
0.932203,0.661017,1.22006
0.949153,0.661017,1.03383
0.966102,0.661017,0.818606
0.983051,0.661017,0.574517
1,0.661017,0.301634
0,0.677966,0.335763
0.0169492,0.677966,0.643402
0.0338983,0.677966,0.923516
0.0508475,0.677966,1.17669
0.0677966,0.677966,1.40348
0.0847458,0.677966,1.60442
0.101695,0.677966,1.78002
0.118644,0.677966,1.93073
0.135593,0.677966,2.05696
0.152542,0.677966,2.15905
0.169492,0.677966,2.23729
0.186441,0.677966,2.29185
0.20339,0.677966,2.32286
0.220339,0.677966,2.33028
0.237288,0.677966,2.31396
0.254237,0.677966,2.27361
0.271186,0.677966,2.20873
0.288136,0.677966,2.11865
0.305085,0.677966,2.00251
0.322034,0.677966,1.85934
0.338983,0.677966,1.68814
0.355932,0.677966,1.48805
0.372881,0.677966,1.25865
0.389831,0.677966,1
0.40678,0.677966,1.06086
0.423729,0.677966,1.09075
0.440678,0.677966,1.08773
0.457627,0.677966,1.05209
0.474576,0.677966,1
0.491525,0.677966,1
0.508475,0.677966,0.670411
0.525424,0.677966,0.321575
0.542373,0.677966,0
0.559322,0.677966,0
0.576271,0.677966,0
0.59322,0.677966,0
0.610169,0.677966,0
0.627119,0.677966,0
0.644068,0.677966,0
0.661017,0.677966,0
0.677966,0.677966,0.31136
0.694915,0.677966,0.610976
0.711864,0.677966,0.873185
0.728814,0.677966,1.09855
0.745763,0.677966,1.28788
0.762712,0.677966,1.44178
0.779661,0.677966,1.56101
0.79661,0.677966,1.64651
0.813559,0.677966,1.69928
0.830508,0.677966,1.72023
0.847458,0.677966,1.71018
0.864407,0.677966,1.66982
0.881356,0.677966,1.59971
0.898305,0.677966,1.5003
0.915254,0.677966,1.37189
0.932203,0.677966,1.21473
0.949153,0.677966,1.02893
0.966102,0.677966,0.81457
0.983051,0.677966,0.571656
1,0.677966,0.300153
0,0.694915,0.333914
0.0169492,0.694915,0.639754
0.0338983,0.694915,0.918167
0.0508475,0.694915,1.16978
0.0677966,0.694915,1.3952
0.0847458,0.694915,1.59501
0.101695,0.694915,1.76973
0.118644,0.694915,1.91984
0.135593,0.694915,2.04579
0.152542,0.694915,2.14792
0.169492,0.694915,2.22652
0.186441,0.694915,2.28178
0.20339,0.694915,2.31378
0.220339,0.694915,2.32246
0.237288,0.694915,2.30764
0.254237,0.694915,2.26892
0.271186,0.694915,2.20576
0.288136,0.694915,2.11735
0.305085,0.694915,2.00271
0.322034,0.694915,1.86069
0.338983,0.694915,1.69012
0.355932,0.694915,1.49
0.372881,0.694915,1.25986
0.389831,0.694915,1
0.40678,0.694915,1.07432
0.423729,0.694915,1.11693
0.440678,0.694915,1.12466
0.457627,0.694915,1.09191
0.474576,0.694915,1
0.491525,0.694915,1
0.508475,0.694915,0.809656
0.525424,0.694915,0.587162
0.542373,0.694915,0.3801
0.559322,0.694915,0.238333
0.576271,0.694915,0
0.59322,0.694915,0
0.610169,0.694915,0
0.627119,0.694915,0
0.644068,0.694915,0.247941
0.661017,0.694915,0.396022
0.677966,0.694915,0.605736
0.694915,0.694915,0.826897
0.711864,0.694915,1.03461
0.728814,0.694915,1.21952
0.745763,0.694915,1.37771
0.762712,0.694915,1.50737
0.779661,0.694915,1.60772
0.79661,0.694915,1.67858
0.813559,0.694915,1.72005
0.830508,0.694915,1.7324
0.847458,0.694915,1.71593
0.864407,0.694915,1.67092
0.881356,0.694915,1.59761
0.898305,0.694915,1.49617
0.915254,0.694915,1.36672
0.932203,0.694915,1.20929
0.949153,0.694915,1.02387
0.966102,0.694915,0.81036
0.983051,0.694915,0.568655
1,0.694915,0.298595
0,0.711864,0.331411
0.0169492,0.711864,0.634807
0.0338983,0.711864,0.910889
0.0508475,0.711864,1.16034
0.0677966,0.711864,1.38382
0.0847458,0.711864,1.58195
0.101695,0.711864,1.7553
0.118644,0.711864,1.9044
0.135593,0.711864,2.02971
0.152542,0.711864,2.1316
0.169492,0.711864,2.21038
0.186441,0.711864,2.26625
0.20339,0.711864,2.29928
0.220339,0.711864,2.30943
0.237288,0.711864,2.29646
0.254237,0.711864,2.25997
0.271186,0.711864,2.1993
0.288136,0.711864,2.11356
0.305085,0.711864,2.00156
0.322034,0.711864,1.86188
0.338983,0.711864,1.69292
0.355932,0.711864,1.49324
0.372881,0.711864,1.26207
0.389831,0.711864,1
0.40678,0.711864,1.09077
0.423729,0.711864,1.14927
0.440678,0.711864,1.17333
0.457627,0.711864,1.16215
0.474576,0.711864,1.11832
0.491525,0.711864,1.06752
0.508475,0.711864,0.952322
0.525424,0.711864,0.808592
0.542373,0.711864,0.666175
0.559322,0.711864,0.544504
0.576271,0.711864,0.428449
0.59322,0.711864,0.39297
0.610169,0.711864,0.396384
0.627119,0.711864,0.439586
0.644068,0.711864,0.567016
0.661017,0.711864,0.701683
0.677966,0.711864,0.85994
0.694915,0.711864,1.02754
0.711864,0.711864,1.19009
0.728814,0.711864,1.33848
0.745763,0.711864,1.46734
0.762712,0.711864,1.57353
0.779661,0.711864,1.6552
0.79661,0.711864,1.7113
0.813559,0.711864,1.74122
0.830508,0.711864,1.74467
0.847458,0.711864,1.72149
0.864407,0.711864,1.67159
0.881356,0.711864,1.5949
0.898305,0.711864,1.49134
0.915254,0.711864,1.3608
0.932203,0.711864,1.20314
0.949153,0.711864,1.01815
0.966102,0.711864,0.805621
0.983051,0.711864,0.565283
1,0.711864,0.296846
0,0.728814,0.328197
0.0169492,0.728814,0.628446
0.0338983,0.728814,0.901513
0.0508475,0.728814,1.14815
0.0677966,0.728814,1.36906
0.0847458,0.728814,1.56494
0.101695,0.728814,1.73641
0.118644,0.728814,1.88403
0.135593,0.728814,2.0083
0.152542,0.728814,2.10966
0.169492,0.728814,2.18842
0.186441,0.728814,2.24482
0.20339,0.728814,2.27895
0.220339,0.728814,2.29078
0.237288,0.728814,2.28009
0.254237,0.728814,2.24646
0.271186,0.728814,2.18919
0.288136,0.728814,2.1073
0.305085,0.728814,1.99938
0.322034,0.728814,1.8636
0.338983,0.728814,1.6977
0.355932,0.728814,1.49925
0.372881,0.728814,1.26646
0.389831,0.728814,1
0.40678,0.728814,1.11077
0.423729,0.728814,1.18731
0.440678,0.728814,1.22853
0.457627,0.728814,1.23632
0.474576,0.728814,1.21488
0.491525,0.728814,1.1707
0.508475,0.728814,1.0948
0.525424,0.728814,0.99998
0.542373,0.728814,0.902779
0.559322,0.728814,0.816332
0.576271,0.728814,0.747595
0.59322,0.728814,0.718319
0.610169,0.728814,0.724252
0.627119,0.728814,0.766216
0.644068,0.728814,0.850128
0.661017,0.728814,0.955026
0.677966,0.728814,1.07607
0.694915,0.728814,1.20451
0.711864,0.728814,1.33102
0.728814,0.728814,1.44824
0.745763,0.728814,1.55092
0.762712,0.728814,1.63549
0.779661,0.728814,1.69954
0.79661,0.728814,1.74145
0.813559,0.728814,1.76014
0.830508,0.728814,1.75485
0.847458,0.728814,1.72505
0.864407,0.728814,1.67032
0.881356,0.728814,1.59033
0.898305,0.728814,1.48476
0.915254,0.728814,1.35328
0.932203,0.728814,1.19557
0.949153,0.728814,1.01126
0.966102,0.728814,0.799964
0.983051,0.728814,0.561282
1,0.728814,0.294777
0,0.745763,0.324205
0.0169492,0.745763,0.620538
0.0338983,0.745763,0.889844
0.0508475,0.745763,1.13294
0.0677966,0.745763,1.35062
0.0847458,0.745763,1.54362
0.101695,0.745763,1.71263
0.118644,0.745763,1.85827
0.135593,0.745763,1.9811
0.152542,0.745763,2.08158
0.169492,0.745763,2.1601
0.186441,0.745763,2.21692
0.20339,0.745763,2.2522
0.220339,0.745763,2.26592
0.237288,0.745763,2.25794
0.254237,0.745763,2.22785
0.271186,0.745763,2.17499
0.288136,0.745763,2.09833
0.305085,0.745763,1.99632
0.322034,0.745763,1.86672
0.338983,0.745763,1.70632
0.355932,0.745763,1.51087
0.372881,0.745763,1.27578
0.389831,0.745763,1
0.40678,0.745763,1.13626
0.423729,0.745763,1.23194
0.440678,0.745763,1.28842
0.457627,0.745763,1.311
0.474576,0.745763,1.30546
0.491525,0.745763,1.27689
0.508475,0.745763,1.22745
0.525424,0.745763,1.16502
0.542373,0.745763,1.0999
0.559322,0.745763,1.04172
0.576271,0.745763,0.998552
0.59322,0.745763,0.979732
0.610169,0.745763,0.987362
0.627119,0.745763,1.02217
0.644068,0.745763,1.08352
0.661017,0.745763,1.1635
0.677966,0.745763,1.25608
0.694915,0.745763,1.35466
0.711864,0.745763,1.45252
0.728814,0.745763,1.54381
0.745763,0.745763,1.62388
0.762712,0.745763,1.68924
0.779661,0.745763,1.73729
0.79661,0.745763,1.76611
0.813559,0.745763,1.77431
0.830508,0.745763,1.76081
0.847458,0.745763,1.7248
0.864407,0.745763,1.66559
0.881356,0.745763,1.58262
0.898305,0.745763,1.47535
0.915254,0.745763,1.34327
0.932203,0.745763,1.18586
0.949153,0.745763,1.00261
0.966102,0.745763,0.792971
0.983051,0.745763,0.556377
1,0.745763,0.292252
0,0.762712,0.319357
0.0169492,0.762712,0.610931
0.0338983,0.762712,0.875654
0.0508475,0.762712,1.11443
0.0677966,0.762712,1.32813
0.0847458,0.762712,1.51756
0.101695,0.762712,1.68349
0.118644,0.762712,1.8266
0.135593,0.762712,1.94751
0.152542,0.762712,2.04675
0.169492,0.762712,2.12475
0.186441,0.762712,2.18185
0.20339,0.762712,2.21826
0.220339,0.762712,2.23406
0.237288,0.762712,2.22916
0.254237,0.762712,2.20328
0.271186,0.762712,2.15586
0.288136,0.762712,2.08598
0.305085,0.762712,1.99213
0.322034,0.762712,1.8719
0.338983,0.762712,1.72127
0.355932,0.762712,1.53339
0.372881,0.762712,1.29708
0.389831,0.762712,1
0.40678,0.762712,1.17361
0.423729,0.762712,1.28706
0.440678,0.762712,1.35346
0.457627,0.762712,1.38509
0.474576,0.762712,1.39034
0.491525,0.762712,1.3752
0.508475,0.762712,1.34438
0.525424,0.762712,1.30404
0.542373,0.762712,1.26135
0.559322,0.762712,1.22338
0.576271,0.762712,1.19643
0.59322,0.762712,1.18597
0.610169,0.762712,1.19456
0.627119,0.762712,1.22286
0.644068,0.762712,1.26957
0.661017,0.762712,1.33062
0.677966,0.762712,1.40138
0.694915,0.762712,1.47682
0.711864,0.762712,1.55186
0.728814,0.762712,1.62186
0.745763,0.762712,1.68284
0.762712,0.762712,1.73158
0.779661,0.762712,1.76553
0.79661,0.762712,1.78267
0.813559,0.762712,1.78144
0.830508,0.762712,1.76056
0.847458,0.762712,1.71901
0.864407,0.762712,1.65591
0.881356,0.762712,1.57049
0.898305,0.762712,1.46203
0.915254,0.762712,1.32986
0.932203,0.762712,1.17328
0.949153,0.762712,0.991631
0.966102,0.762712,0.784201
0.983051,0.762712,0.550277
1,0.762712,0.289126
0,0.779661,0.313564
0.0169492,0.779661,0.599448
0.0338983,0.779661,0.858683
0.0508475,0.779661,1.09227
0.0677966,0.779661,1.30117
0.0847458,0.779661,1.48628
0.101695,0.779661,1.64843
0.118644,0.779661,1.7884
0.135593,0.779661,1.90686
0.152542,0.779661,2.00442
0.169492,0.779661,2.08158
0.186441,0.779661,2.13874
0.20339,0.779661,2.1762
0.220339,0.779661,2.19415
0.237288,0.779661,2.19263
0.254237,0.779661,2.17152
0.271186,0.779661,2.13048
0.288136,0.779661,2.06887
0.305085,0.779661,1.98561
0.322034,0.779661,1.87876
0.338983,0.779661,1.74473
0.355932,0.779661,1.57561
0.372881,0.779661,1.35042
0.389831,0.779661,1
0.40678,0.779661,1.2424
0.423729,0.779661,1.36051
0.440678,0.779661,1.42455
0.457627,0.779661,1.45682
0.474576,0.779661,1.46689
0.491525,0.779661,1.46046
0.508475,0.779661,1.4421
0.525424,0.779661,1.41666
0.542373,0.779661,1.38935
0.559322,0.779661,1.3653
0.576271,0.779661,1.34909
0.59322,0.779661,1.34442
0.610169,0.779661,1.35334
0.627119,0.779661,1.37639
0.644068,0.779661,1.41257
0.661017,0.779661,1.45931
0.677966,0.779661,1.51327
0.694915,0.779661,1.57064
0.711864,0.779661,1.62753
0.728814,0.779661,1.68019
0.745763,0.779661,1.7253
0.762712,0.779661,1.75998
0.779661,0.779661,1.78184
0.79661,0.779661,1.78889
0.813559,0.779661,1.77948
0.830508,0.779661,1.75225
0.847458,0.779661,1.70604
0.864407,0.779661,1.63982
0.881356,0.779661,1.55266
0.898305,0.779661,1.4437
0.915254,0.779661,1.31211
0.932203,0.779661,1.15705
0.949153,0.779661,0.977701
0.966102,0.779661,0.773199
0.983051,0.779661,0.542677
1,0.779661,0.285246
0,0.79661,0.306725
0.0169492,0.79661,0.585887
0.0338983,0.79661,0.838633
0.0508475,0.79661,1.06607
0.0677966,0.79661,1.26927
0.0847458,0.79661,1.44922
0.101695,0.79661,1.60684
0.118644,0.79661,1.74298
0.135593,0.79661,1.8584
0.152542,0.79661,1.95377
0.169492,0.79661,2.02967
0.186441,0.79661,2.08659
0.20339,0.79661,2.12494
0.220339,0.79661,2.145
0.237288,0.79661,2.14698
0.254237,0.79661,2.13096
0.271186,0.79661,2.09693
0.288136,0.79661,2.0447
0.305085,0.79661,1.97393
0.322034,0.79661,1.88409
0.338983,0.79661,1.77454
0.355932,0.79661,1.64518
0.372881,0.79661,1.50026
0.389831,0.79661,1.36838
0.40678,0.79661,1.40675
0.423729,0.79661,1.4593
0.440678,0.79661,1.49866
0.457627,0.79661,1.52204
0.474576,0.79661,1.53122
0.491525,0.79661,1.52892
0.508475,0.79661,1.51818
0.525424,0.79661,1.50243
0.542373,0.79661,1.48537
0.559322,0.79661,1.47063
0.576271,0.79661,1.4615
0.59322,0.79661,1.46054
0.610169,0.79661,1.46926
0.627119,0.79661,1.48808
0.644068,0.79661,1.51626
0.661017,0.79661,1.55206
0.677966,0.79661,1.593
0.694915,0.79661,1.63623
0.711864,0.79661,1.67868
0.728814,0.79661,1.71736
0.745763,0.79661,1.74946
0.762712,0.79661,1.77249
0.779661,0.79661,1.78424
0.79661,0.79661,1.78282
0.813559,0.79661,1.76662
0.830508,0.79661,1.73421
0.847458,0.79661,1.68435
0.864407,0.79661,1.61593
0.881356,0.79661,1.5279
0.898305,0.79661,1.41928
0.915254,0.79661,1.2891
0.932203,0.79661,1.1364
0.949153,0.79661,0.960192
0.966102,0.79661,0.759489
0.983051,0.79661,0.53326
1,0.79661,0.280453
0,0.813559,0.29872
0.0169492,0.813559,0.570014
0.0338983,0.813559,0.815161
0.0508475,0.813559,1.0354
0.0677966,0.813559,1.23189
0.0847458,0.813559,1.40576
0.101695,0.813559,1.558
0.118644,0.813559,1.68955
0.135593,0.813559,1.80126
0.152542,0.813559,1.89386
0.169492,0.813559,1.96802
0.186441,0.813559,2.0243
0.20339,0.813559,2.06322
0.220339,0.813559,2.08519
0.237288,0.813559,2.09058
0.254237,0.813559,2.0797
0.271186,0.813559,2.05285
0.288136,0.813559,2.01033
0.305085,0.813559,1.95259
0.322034,0.813559,1.8804
0.338983,0.813559,1.79543
0.355932,0.813559,1.70158
0.372881,0.813559,1.60834
0.389831,0.813559,1.53778
0.40678,0.813559,1.5282
0.423729,0.813559,1.54253
0.440678,0.813559,1.56005
0.457627,0.813559,1.57271
0.474576,0.813559,1.5783
0.491525,0.813559,1.57708
0.508475,0.813559,1.57054
0.525424,0.813559,1.56079
0.542373,0.813559,1.55033
0.559322,0.813559,1.54164
0.576271,0.813559,1.53702
0.59322,0.813559,1.53824
0.610169,0.813559,1.54636
0.627119,0.813559,1.56167
0.644068,0.813559,1.58362
0.661017,0.813559,1.61092
0.677966,0.813559,1.64174
0.694915,0.813559,1.67386
0.711864,0.813559,1.70488
0.728814,0.813559,1.73237
0.745763,0.813559,1.75398
0.762712,0.813559,1.76753
0.779661,0.813559,1.77107
0.79661,0.813559,1.76283
0.813559,0.813559,1.74123
0.830508,0.813559,1.70489
0.847458,0.813559,1.65251
0.864407,0.813559,1.58292
0.881356,0.813559,1.49501
0.898305,0.813559,1.38769
0.915254,0.813559,1.25988
0.932203,0.813559,1.11051
0.949153,0.813559,0.938456
0.966102,0.813559,0.742578
0.983051,0.813559,0.521692
1,0.813559,0.274581
0,0.830508,0.289414
0.0169492,0.830508,0.551561
0.0338983,0.830508,0.787873
0.0508475,0.830508,0.999726
0.0677966,0.830508,1.18843
0.0847458,0.830508,1.35518
0.101695,0.830508,1.50112
0.118644,0.830508,1.62725
0.135593,0.830508,1.73449
0.152542,0.830508,1.82366
0.169492,0.830508,1.8955
0.186441,0.830508,1.95066
0.20339,0.830508,1.98973
0.220339,0.830508,2.01325
0.237288,0.830508,2.02173
0.254237,0.830508,2.01569
0.271186,0.830508,1.9957
0.288136,0.830508,1.96246
0.305085,0.830508,1.91697
0.322034,0.830508,1.86077
0.338983,0.830508,1.79647
0.355932,0.830508,1.72863
0.372881,0.830508,1.66503
0.389831,0.830508,1.61746
0.40678,0.830508,1.59701
0.423729,0.830508,1.59386
0.440678,0.830508,1.59756
0.457627,0.830508,1.60174
0.474576,0.830508,1.60345
0.491525,0.830508,1.60185
0.508475,0.830508,1.59737
0.525424,0.830508,1.59116
0.542373,0.830508,1.58477
0.559322,0.830508,1.57986
0.576271,0.830508,1.57797
0.59322,0.830508,1.5803
0.610169,0.830508,1.58756
0.627119,0.830508,1.5999
0.644068,0.830508,1.61689
0.661017,0.830508,1.63754
0.677966,0.830508,1.66045
0.694915,0.830508,1.68387
0.711864,0.830508,1.70589
0.728814,0.830508,1.72453
0.745763,0.830508,1.73782
0.762712,0.830508,1.74388
0.779661,0.830508,1.74096
0.79661,0.830508,1.72745
0.813559,0.830508,1.70188
0.830508,0.830508,1.66286
0.847458,0.830508,1.60915
0.864407,0.830508,1.53951
0.881356,0.830508,1.4528
0.898305,0.830508,1.34785
0.915254,0.830508,1.22351
0.932203,0.830508,1.07858
0.949153,0.830508,0.911818
0.966102,0.830508,0.721948
0.983051,0.830508,0.507622
1,0.830508,0.26745
0,0.847458,0.278649
0.0169492,0.847458,0.530217
0.0338983,0.847458,0.756315
0.0508475,0.847458,0.958484
0.0677966,0.847458,1.13817
0.0847458,0.847458,1.29671
0.101695,0.847458,1.43532
0.118644,0.847458,1.55511
0.135593,0.847458,1.65707
0.152542,0.847458,1.74208
0.169492,0.847458,1.81094
0.186441,0.847458,1.86438
0.20339,0.847458,1.90306
0.220339,0.847458,1.92761
0.237288,0.847458,1.93867
0.254237,0.847458,1.9369
0.271186,0.847458,1.92307
0.288136,0.847458,1.89812
0.305085,0.847458,1.86332
0.322034,0.847458,1.82051
0.338983,0.847458,1.77234
0.355932,0.847458,1.72271
0.372881,0.847458,1.67697
0.389831,0.847458,1.6413
0.40678,0.847458,1.6198
0.423729,0.847458,1.60961
0.440678,0.847458,1.60585
0.457627,0.847458,1.60452
0.474576,0.847458,1.60319
0.491525,0.847458,1.60078
0.508475,0.847458,1.59719
0.525424,0.847458,1.59297
0.542373,0.847458,1.589
0.559322,0.847458,1.58634
0.576271,0.847458,1.58598
0.59322,0.847458,1.5887
0.610169,0.847458,1.59494
0.627119,0.847458,1.60476
0.644068,0.847458,1.61776
0.661017,0.847458,1.63319
0.677966,0.847458,1.64991
0.694915,0.847458,1.66655
0.711864,0.847458,1.68156
0.728814,0.847458,1.69331
0.745763,0.847458,1.70015
0.762712,0.847458,1.70047
0.779661,0.847458,1.69271
0.79661,0.847458,1.67542
0.813559,0.847458,1.64723
0.830508,0.847458,1.60682
0.847458,0.847458,1.55297
0.864407,0.847458,1.48446
0.881356,0.847458,1.40009
0.898305,0.847458,1.29869
0.915254,0.847458,1.179
0.932203,0.847458,1.03974
0.949153,0.847458,0.879565
0.966102,0.847458,0.697045
0.983051,0.847458,0.490673
1,0.847458,0.258869
0,0.864407,0.266236
0.0169492,0.864407,0.505615
0.0338983,0.864407,0.71996
0.0508475,0.864407,0.910998
0.0677966,0.864407,1.08033
0.0847458,0.864407,1.22943
0.101695,0.864407,1.35962
0.118644,0.864407,1.47208
0.135593,0.864407,1.56786
0.152542,0.864407,1.64791
0.169492,0.864407,1.71307
0.186441,0.864407,1.76412
0.20339,0.864407,1.80178
0.220339,0.864407,1.82674
0.237288,0.864407,1.83971
0.254237,0.864407,1.84145
0.271186,0.864407,1.83282
0.288136,0.864407,1.81488
0.305085,0.864407,1.78898
0.322034,0.864407,1.75688
0.338983,0.864407,1.72094
0.355932,0.864407,1.68416
0.372881,0.864407,1.65011
0.389831,0.864407,1.62224
0.40678,0.864407,1.60255
0.423729,0.864407,1.59021
0.440678,0.864407,1.58299
0.457627,0.864407,1.57857
0.474576,0.864407,1.57527
0.491525,0.864407,1.57216
0.508475,0.864407,1.56893
0.525424,0.864407,1.56579
0.542373,0.864407,1.5632
0.559322,0.864407,1.5618
0.576271,0.864407,1.56219
0.59322,0.864407,1.56485
0.610169,0.864407,1.57003
0.627119,0.864407,1.57769
0.644068,0.864407,1.5875
0.661017,0.864407,1.59881
0.677966,0.864407,1.61072
0.694915,0.864407,1.62213
0.711864,0.864407,1.63176
0.728814,0.864407,1.63828
0.745763,0.864407,1.64029
0.762712,0.864407,1.6364
0.779661,0.864407,1.62527
0.79661,0.864407,1.60557
0.813559,0.864407,1.57606
0.830508,0.864407,1.53551
0.847458,0.864407,1.48272
0.864407,0.864407,1.41652
0.881356,0.864407,1.33571
0.898305,0.864407,1.23907
0.915254,0.864407,1.12532
0.932203,0.864407,0.993092
0.949153,0.864407,0.840931
0.966102,0.864407,0.667268
0.983051,0.864407,0.470427
1,0.864407,0.248625
0,0.881356,0.251951
0.0169492,0.881356,0.477321
0.0338983,0.881356,0.678185
0.0508475,0.881356,0.856486
0.0677966,0.881356,1.01401
0.0847458,0.881356,1.15234
0.101695,0.881356,1.27292
0.118644,0.881356,1.37699
0.135593,0.881356,1.46566
0.152542,0.881356,1.5399
0.169492,0.881356,1.60059
0.186441,0.881356,1.64853
0.20339,0.881356,1.68447
0.220339,0.881356,1.70914
0.237288,0.881356,1.72326
0.254237,0.881356,1.72764
0.271186,0.881356,1.72317
0.288136,0.881356,1.71089
0.305085,0.881356,1.6921
0.322034,0.881356,1.66837
0.338983,0.881356,1.64164
0.355932,0.881356,1.61416
0.372881,0.881356,1.58834
0.389831,0.881356,1.56628
0.40678,0.881356,1.5492
0.423729,0.881356,1.53698
0.440678,0.881356,1.52859
0.457627,0.881356,1.52277
0.474576,0.881356,1.51845
0.491525,0.881356,1.51492
0.508475,0.881356,1.51187
0.525424,0.881356,1.50932
0.542373,0.881356,1.50749
0.559322,0.881356,1.50674
0.576271,0.881356,1.5074
0.59322,0.881356,1.50975
0.610169,0.881356,1.5139
0.627119,0.881356,1.51975
0.644068,0.881356,1.527
0.661017,0.881356,1.5351
0.677966,0.881356,1.54332
0.694915,0.881356,1.55075
0.711864,0.881356,1.55636
0.728814,0.881356,1.55903
0.745763,0.881356,1.55759
0.762712,0.881356,1.55085
0.779661,0.881356,1.53765
0.79661,0.881356,1.51682
0.813559,0.881356,1.48721
0.830508,0.881356,1.44769
0.847458,0.881356,1.39716
0.864407,0.881356,1.33446
0.881356,0.881356,1.25843
0.898305,0.881356,1.16785
0.915254,0.881356,1.06139
0.932203,0.881356,0.937652
0.949153,0.881356,0.795069
0.966102,0.881356,0.631943
0.983051,0.881356,0.446415
1,0.881356,0.236475
0,0.898305,0.235521
0.0169492,0.898305,0.444807
0.0338983,0.898305,0.630243
0.0508475,0.898305,0.794029
0.0677966,0.898305,0.938133
0.0847458,0.898305,1.06429
0.101695,0.898305,1.174
0.118644,0.898305,1.26858
0.135593,0.898305,1.34915
0.152542,0.898305,1.41671
0.169492,0.898305,1.47213
0.186441,0.898305,1.51622
0.20339,0.898305,1.54972
0.220339,0.898305,1.57334
0.237288,0.898305,1.58783
0.254237,0.898305,1.59396
0.271186,0.898305,1.59258
0.288136,0.898305,1.58469
0.305085,0.898305,1.57143
0.322034,0.898305,1.55414
0.338983,0.898305,1.53436
0.355932,0.898305,1.51378
0.372881,0.898305,1.49406
0.389831,0.898305,1.47662
0.40678,0.898305,1.46228
0.423729,0.898305,1.45118
0.440678,0.898305,1.44289
0.457627,0.898305,1.43675
0.474576,0.898305,1.4321
0.491525,0.898305,1.42847
0.508475,0.898305,1.42558
0.525424,0.898305,1.42339
0.542373,0.898305,1.42198
0.559322,0.898305,1.42153
0.576271,0.898305,1.4222
0.59322,0.898305,1.42413
0.610169,0.898305,1.42733
0.627119,0.898305,1.43169
0.644068,0.898305,1.43691
0.661017,0.898305,1.44254
0.677966,0.898305,1.44798
0.694915,0.898305,1.45247
0.711864,0.898305,1.45517
0.728814,0.898305,1.45516
0.745763,0.898305,1.45145
0.762712,0.898305,1.44305
0.779661,0.898305,1.42894
0.79661,0.898305,1.40811
0.813559,0.898305,1.37953
0.830508,0.898305,1.34218
0.847458,0.898305,1.29503
0.864407,0.898305,1.23701
0.881356,0.898305,1.16699
0.898305,0.898305,1.08376
0.915254,0.898305,0.986029
0.932203,0.898305,0.872325
0.949153,0.898305,0.741024
0.966102,0.898305,0.590294
0.983051,0.898305,0.418086
1,0.898305,0.222135
0,0.915254,0.216597
0.0169492,0.915254,0.407414
0.0338983,0.915254,0.575225
0.0508475,0.915254,0.722524
0.0677966,0.915254,0.851482
0.0847458,0.915254,0.963949
0.101695,0.915254,1.06149
0.118644,0.915254,1.14545
0.135593,0.915254,1.21693
0.152542,0.915254,1.27693
0.169492,0.915254,1.32628
0.186441,0.915254,1.36577
0.20339,0.915254,1.3961
0.220339,0.915254,1.41796
0.237288,0.915254,1.43203
0.254237,0.915254,1.43905
0.271186,0.915254,1.43979
0.288136,0.915254,1.43513
0.305085,0.915254,1.42605
0.322034,0.915254,1.41366
0.338983,0.915254,1.39916
0.355932,0.915254,1.38381
0.372881,0.915254,1.3688
0.389831,0.915254,1.35512
0.40678,0.915254,1.34339
0.423729,0.915254,1.33384
0.440678,0.915254,1.32632
0.457627,0.915254,1.3205
0.474576,0.915254,1.31601
0.491525,0.915254,1.31254
0.508475,0.915254,1.30988
0.525424,0.915254,1.30796
0.542373,0.915254,1.3068
0.559322,0.915254,1.30646
0.576271,0.915254,1.30701
0.59322,0.915254,1.3085
0.610169,0.915254,1.31089
0.627119,0.915254,1.31404
0.644068,0.915254,1.31769
0.661017,0.915254,1.32146
0.677966,0.915254,1.32485
0.694915,0.915254,1.32725
0.711864,0.915254,1.32797
0.728814,0.915254,1.32625
0.745763,0.915254,1.32128
0.762712,0.915254,1.31223
0.779661,0.915254,1.29823
0.79661,0.915254,1.27841
0.813559,0.915254,1.25188
0.830508,0.915254,1.21774
0.847458,0.915254,1.17505
0.864407,0.915254,1.12282
0.881356,0.915254,1.06001
0.898305,0.915254,0.985466
0.915254,0.915254,0.897904
0.932203,0.915254,0.795868
0.949153,0.915254,0.677679
0.966102,0.915254,0.541395
0.983051,0.915254,0.384772
1,0.915254,0.20525
0,0.932203,0.194728
0.0169492,0.932203,0.364299
0.0338983,0.932203,0.511991
0.0508475,0.932203,0.640635
0.0677966,0.932203,0.752593
0.0847458,0.932203,0.849803
0.101695,0.932203,0.933854
0.118644,0.932203,1.00605
0.135593,0.932203,1.06748
0.152542,0.932203,1.11905
0.169492,0.932203,1.16158
0.186441,0.932203,1.19575
0.20339,0.932203,1.22223
0.220339,0.932203,1.24163
0.237288,0.932203,1.25457
0.254237,0.932203,1.26169
0.271186,0.932203,1.26368
0.288136,0.932203,1.26126
0.305085,0.932203,1.25526
0.322034,0.932203,1.24656
0.338983,0.932203,1.23608
0.355932,0.932203,1.22477
0.372881,0.932203,1.21348
0.389831,0.932203,1.20293
0.40678,0.932203,1.19361
0.423729,0.932203,1.18574
0.440678,0.932203,1.17932
0.457627,0.932203,1.1742
0.474576,0.932203,1.17018
0.491525,0.932203,1.16706
0.508475,0.932203,1.16471
0.525424,0.932203,1.16305
0.542373,0.932203,1.16207
0.559322,0.932203,1.16176
0.576271,0.932203,1.16216
0.59322,0.932203,1.16325
0.610169,0.932203,1.16496
0.627119,0.932203,1.16716
0.644068,0.932203,1.16962
0.661017,0.932203,1.17203
0.677966,0.932203,1.17398
0.694915,0.932203,1.17498
0.711864,0.932203,1.17448
0.728814,0.932203,1.17186
0.745763,0.932203,1.16647
0.762712,0.932203,1.15763
0.779661,0.932203,1.14462
0.79661,0.932203,1.1267
0.813559,0.932203,1.10313
0.830508,0.932203,1.07313
0.847458,0.932203,1.03587
0.864407,0.932203,0.990494
0.881356,0.932203,0.936043
0.898305,0.932203,0.871458
0.915254,0.932203,0.795527
0.932203,0.932203,0.706835
0.949153,0.932203,0.603702
0.966102,0.932203,0.48411
0.983051,0.932203,0.345628
1,0.932203,0.185368
0,0.949153,0.169287
0.0169492,0.949153,0.314336
0.0338983,0.949153,0.439078
0.0508475,0.949153,0.546704
0.0677966,0.949153,0.639723
0.0847458,0.949153,0.72009
0.101695,0.949153,0.789341
0.118644,0.949153,0.848696
0.135593,0.949153,0.899145
0.152542,0.949153,0.941509
0.169492,0.949153,0.976489
0.186441,0.949153,1.0047
0.20339,0.949153,1.0267
0.220339,0.949153,1.04303
0.237288,0.949153,1.0542
0.254237,0.949153,1.06074
0.271186,0.949153,1.06323
0.288136,0.949153,1.06225
0.305085,0.949153,1.05845
0.322034,0.949153,1.05251
0.338983,0.949153,1.04512
0.355932,0.949153,1.03697
0.372881,0.949153,1.02869
0.389831,0.949153,1.02079
0.40678,0.949153,1.01365
0.423729,0.949153,1.00746
0.440678,0.949153,1.00229
0.457627,0.949153,0.998072
0.474576,0.949153,0.994711
0.491525,0.949153,0.992092
0.508475,0.949153,0.990123
0.525424,0.949153,0.988742
0.542373,0.949153,0.987919
0.559322,0.949153,0.98764
0.576271,0.949153,0.987893
0.59322,0.949153,0.988642
0.610169,0.949153,0.989817
0.627119,0.949153,0.991292
0.644068,0.949153,0.992882
0.661017,0.949153,0.994334
0.677966,0.949153,0.995329
0.694915,0.949153,0.995487
0.711864,0.949153,0.994376
0.728814,0.949153,0.991517
0.745763,0.949153,0.986397
0.762712,0.949153,0.978471
0.779661,0.949153,0.967173
0.79661,0.949153,0.951913
0.813559,0.949153,0.932081
0.830508,0.949153,0.907034
0.847458,0.949153,0.87609
0.864407,0.949153,0.838513
0.881356,0.949153,0.793483
0.898305,0.949153,0.740069
0.915254,0.949153,0.677183
0.932203,0.949153,0.603516
0.949153,0.949153,0.517458
0.966102,0.949153,0.416986
0.983051,0.949153,0.299536
1,0.949153,0.161865
0,0.966102,0.139356
0.0169492,0.966102,0.255954
0.0338983,0.966102,0.354554
0.0508475,0.966102,0.438653
0.0677966,0.966102,0.510777
0.0847458,0.966102,0.572766
0.101695,0.966102,0.625996
0.118644,0.966102,0.67152
0.135593,0.966102,0.71017
0.152542,0.966102,0.742622
0.169492,0.966102,0.769445
0.186441,0.966102,0.791132
0.20339,0.966102,0.808129
0.220339,0.966102,0.820855
0.237288,0.966102,0.829717
0.254237,0.966102,0.83513
0.271186,0.966102,0.83752
0.288136,0.966102,0.837338
0.305085,0.966102,0.835059
0.322034,0.966102,0.831176
0.338983,0.966102,0.826188
0.355932,0.966102,0.820578
0.372881,0.966102,0.814785
0.389831,0.966102,0.809172
0.40678,0.966102,0.804007
0.423729,0.966102,0.799452
0.440678,0.966102,0.795573
0.457627,0.966102,0.792363
0.474576,0.966102,0.789775
0.491525,0.966102,0.787747
0.508475,0.966102,0.786219
0.525424,0.966102,0.785147
0.542373,0.966102,0.784501
0.559322,0.966102,0.78426
0.576271,0.966102,0.784401
0.59322,0.966102,0.784884
0.610169,0.966102,0.785644
0.627119,0.966102,0.786582
0.644068,0.966102,0.787553
0.661017,0.966102,0.788367
0.677966,0.966102,0.788788
0.694915,0.966102,0.788537
0.711864,0.966102,0.787294
0.728814,0.966102,0.784707
0.745763,0.966102,0.780396
0.762712,0.966102,0.773957
0.779661,0.966102,0.764964
0.79661,0.966102,0.752973
0.813559,0.966102,0.73752
0.830508,0.966102,0.718111
0.847458,0.966102,0.694216
0.864407,0.966102,0.665256
0.881356,0.966102,0.630578
0.898305,0.966102,0.589425
0.915254,0.966102,0.540893
0.932203,0.966102,0.483862
0.949153,0.966102,0.416899
0.966102,0.966102,0.338113
0.983051,0.966102,0.244936
1,0.966102,0.13383
0,0.983051,0.103457
0.0169492,0.983051,0.186842
0.0338983,0.983051,0.255802
0.0508475,0.983051,0.313851
0.0677966,0.983051,0.363238
0.0847458,0.983051,0.405475
0.101695,0.983051,0.441629
0.118644,0.983051,0.47249
0.135593,0.983051,0.498665
0.152542,0.983051,0.520637
0.169492,0.983051,0.538809
0.186441,0.983051,0.553527
0.20339,0.983051,0.5651
0.220339,0.983051,0.573818
0.237288,0.983051,0.579961
0.254237,0.983051,0.58381
0.271186,0.983051,0.585654
0.288136,0.983051,0.585794
0.305085,0.983051,0.584542
0.322034,0.983051,0.58222
0.338983,0.983051,0.579151
0.355932,0.983051,0.575642
0.372881,0.983051,0.571973
0.389831,0.983051,0.568376
0.40678,0.983051,0.565027
0.423729,0.983051,0.562036
0.440678,0.983051,0.559459
0.457627,0.983051,0.557304
0.474576,0.983051,0.555553
0.491525,0.983051,0.554173
0.508475,0.983051,0.553131
0.525424,0.983051,0.552398
0.542373,0.983051,0.551951
0.559322,0.983051,0.551772
0.576271,0.983051,0.551839
0.59322,0.983051,0.55212
0.610169,0.983051,0.552568
0.627119,0.983051,0.553111
0.644068,0.983051,0.553653
0.661017,0.983051,0.554065
0.677966,0.983051,0.554193
0.694915,0.983051,0.55385
0.711864,0.983051,0.552828
0.728814,0.983051,0.550895
0.745763,0.983051,0.547797
0.762712,0.983051,0.543268
0.779661,0.983051,0.537025
0.79661,0.983051,0.528769
0.813559,0.983051,0.518188
0.830508,0.983051,0.504945
0.847458,0.983051,0.48868
0.864407,0.983051,0.46899
0.881356,0.983051,0.445421
0.898305,0.983051,0.417434
0.915254,0.983051,0.384375
0.932203,0.983051,0.345411
0.949153,0.983051,0.299436
0.966102,0.983051,0.244905
0.983051,0.983051,0.179537
1,0.983051,0.0997928
0,1,0.0589028
0.0169492,1,0.103427
0.0338983,1,0.139235
0.0508475,1,0.168984
0.0677966,1,0.194122
0.0847458,1,0.215538
0.101695,1,0.233829
0.118644,1,0.24942
0.135593,1,0.262634
0.152542,1,0.273724
0.169492,1,0.2829
0.186441,1,0.290338
0.20339,1,0.296199
0.220339,1,0.300629
0.237288,1,0.303772
0.254237,1,0.305769
0.271186,1,0.306766
0.288136,1,0.306914
0.305085,1,0.306367
0.322034,1,0.305285
0.338983,1,0.303826
0.355932,1,0.302139
0.372881,1,0.300361
0.389831,1,0.298606
0.40678,1,0.29696
0.423729,1,0.29548
0.440678,1,0.294195
0.457627,1,0.293115
0.474576,1,0.292233
0.491525,1,0.291535
0.508475,1,0.291007
0.525424,1,0.290634
0.542373,1,0.290406
0.559322,1,0.29031
0.576271,1,0.290335
0.59322,1,0.290463
0.610169,1,0.290668
0.627119,1,0.290915
0.644068,1,0.291154
0.661017,1,0.291322
0.677966,1,0.291339
0.694915,1,0.291116
0.711864,1,0.290548
0.728814,1,0.289518
0.745763,1,0.287902
0.762712,1,0.285567
0.779661,1,0.282371
0.79661,1,0.278164
0.813559,1,0.272789
0.830508,1,0.266075
0.847458,1,0.25784
0.864407,1,0.247878
0.881356,1,0.235953
0.898305,1,0.221787
0.915254,1,0.205033
0.932203,1,0.185244
0.949153,1,0.161803
0.966102,1,0.133806
0.983051,1,0.0997866
1,1,0.0570767
